FILE	missing	percentage
GCA_039833995.1	50335	0.9146164189410183
GCA_002117205.1	50361	0.9150888541628811
GCA_963874085.1	50361	0.9150888541628811
GCA_051020715.1	50425	0.9162517716320819
GCA_963880135.1	50428	0.9163062833884508
GCA_003522555.1	50428	0.9163062833884508
GCA_036597035.1	50467	0.9170149362212451
GCA_015968555.1	50481	0.9172693244176328
GCA_030701745.1	50496	0.9175418831994767
GCA_030421505.1	50496	0.9175418831994767
GCA_963866685.1	50497	0.917560053784933
GCA_000959825.1	50497	0.917560053784933
GCA_032048395.1	50536	0.9182687066177272
GCA_032778185.1	50562	0.9187411418395901
GCA_963877955.1	50856	0.9240832939637316
GCA_002903785.1	50856	0.9240832939637316
GCA_047315165.1	50894	0.9247737762110695
GCA_032779285.1	50912	0.9251008467492823
GCA_036598805.1	50979	0.926318275974852
GCA_039834015.1	50985	0.9264272994875895
GCA_036598785.1	50989	0.9264999818294145
GCA_039834035.1	50990	0.9265181524148708
GCA_015821405.1	51006	0.926808881782171
GCA_039834155.1	51063	0.927844605153178
GCA_039834195.1	51063	0.927844605153178
GCA_039834215.1	51081	0.9281716756913908
GCA_015776235.1	51087	0.9282806992041284
GCA_036698325.1	51096	0.9284442344732348
GCA_041647735.1	51100	0.9285169168150598
GCA_030703065.1	51101	0.928535087400516
GCA_030419285.1	51101	0.928535087400516
GCA_015351365.1	51104	0.9285895991568849
GCA_036598665.1	51111	0.9287167932550787
GCA_025994915.1	51119	0.9288621579387288
GCA_002903805.1	51120	0.928880328524185
GCA_963877965.1	51120	0.928880328524185
GCA_030703165.1	51130	0.9290620343787477
GCA_030419385.1	51130	0.9290620343787477
GCA_036598445.1	51132	0.9290983755496602
GCA_030419835.1	51141	0.9292619108187665
GCA_030703585.1	51141	0.9292619108187665
GCA_015776195.1	51142	0.9292800814042228
GCA_963865185.1	51143	0.9292982519896791
GCA_000743155.1	51143	0.9292982519896791
GCA_036598495.1	51146	0.9293527637460479
GCA_003184085.1	51156	0.9295344696006105
GCA_963878495.1	51157	0.9295526401860668
GCA_017291195.1	51158	0.929570810771523
GCA_963891065.1	51158	0.929570810771523
GCA_963867115.1	51162	0.9296434931133482
GCA_001013325.1	51162	0.9296434931133482
GCA_032049995.1	51162	0.9296434931133482
GCA_052823845.1	51178	0.9299342224806484
GCA_963881295.1	51183	0.9300250754079297
GCA_004214765.1	51183	0.9300250754079297
GCA_030422625.1	51189	0.9301340989206672
GCA_036598915.1	51189	0.9301340989206672
GCA_047315225.1	51189	0.9301340989206672
GCA_030702805.1	51189	0.9301340989206672
GCA_039834135.1	51195	0.9302431224334048
GCA_031438285.1	51196	0.9302612930188611
GCA_039834075.1	51198	0.9302976341897736
GCA_015776635.1	51199	0.9303158047752299
GCA_041647775.1	51201	0.9303521459461424
GCA_032049935.1	51201	0.9303521459461424
GCA_052715805.1	51202	0.9303703165315986
GCA_047315105.1	51209	0.9304975106297925
GCA_963877175.1	51210	0.9305156812152487
GCA_002891755.1	51210	0.9305156812152487
GCA_015776315.1	51211	0.930533851800705
GCA_036598015.1	51214	0.9305883635570737
GCA_032047595.1	51217	0.9306428753134426
GCA_015820965.1	51218	0.9306610458988989
GCA_043696715.1	51218	0.9306610458988989
GCA_963891485.1	51220	0.9306973870698114
GCA_017290475.1	51220	0.9306973870698114
GCA_017123195.1	51231	0.9308972635098303
GCA_030419805.1	51232	0.9309154340952865
GCA_030703565.1	51232	0.9309154340952865
GCA_963891245.1	51234	0.9309517752661991
GCA_017291135.1	51234	0.9309517752661991
GCA_036598865.1	51237	0.9310062870225678
GCA_963882225.1	51238	0.9310244576080241
GCA_004214665.1	51238	0.9310244576080241
GCA_032050215.1	51239	0.9310426281934804
GCA_002903765.1	51239	0.9310426281934804
GCA_963877975.1	51239	0.9310426281934804
GCA_036598055.1	51241	0.9310789693643929
GCA_963894815.1	51242	0.9310971399498492
GCA_020169615.1	51242	0.9310971399498492
GCA_032049715.1	51244	0.9311334811207617
GCA_047315085.1	51246	0.9311698222916742
GCA_002903505.1	51251	0.9312606752189556
GCA_040405805.1	51251	0.9312606752189556
GCA_963877805.1	51251	0.9312606752189556
GCA_022808475.1	51252	0.9312788458044118
GCA_963898785.1	51252	0.9312788458044118
GCA_036598745.1	51253	0.9312970163898681
GCA_017290755.1	51254	0.9313151869753243
GCA_963890885.1	51254	0.9313151869753243
GCA_036598525.1	51256	0.9313515281462369
GCA_014107515.1	51258	0.9313878693171493
GCA_963889435.1	51258	0.9313878693171493
GCA_017291165.1	51259	0.9314060399026056
GCA_963891135.1	51259	0.9314060399026056
GCA_033949285.1	51262	0.9314605516589745
GCA_002903465.1	51263	0.9314787222444307
GCA_041508175.1	51263	0.9314787222444307
GCA_036598265.1	51266	0.9315332340007995
GCA_047044505.1	51266	0.9315332340007995
GCA_030704025.1	51267	0.9315514045862557
GCA_000967055.1	51267	0.9315514045862557
GCA_042513415.1	51267	0.9315514045862557
GCA_030419715.1	51267	0.9315514045862557
GCA_963866655.1	51267	0.9315514045862557
GCA_033038725.1	51268	0.931569575171712
GCA_963892305.1	51268	0.931569575171712
GCA_015351355.1	51268	0.931569575171712
GCA_025655015.1	51271	0.9316240869280809
GCA_040240005.1	51272	0.9316422575135371
GCA_043696855.1	51272	0.9316422575135371
GCA_030702845.1	51272	0.9316422575135371
GCA_030419645.1	51272	0.9316422575135371
GCA_030422645.1	51272	0.9316422575135371
GCA_030703415.1	51272	0.9316422575135371
GCA_036598325.1	51272	0.9316422575135371
GCA_025654975.1	51272	0.9316422575135371
GCA_030704145.1	51272	0.9316422575135371
GCA_030420405.1	51273	0.9316604280989933
GCA_052971935.1	51274	0.9316785986844496
GCA_047315045.1	51274	0.9316785986844496
GCA_963891055.1	51276	0.9317149398553621
GCA_017291155.1	51276	0.9317149398553621
GCA_036596305.1	51277	0.9317331104408184
GCA_030422455.1	51278	0.9317512810262747
GCA_030702665.1	51278	0.9317512810262747
GCA_036596325.1	51279	0.931769451611731
GCA_004215315.1	51280	0.9317876221971872
GCA_963880975.1	51280	0.9317876221971872
GCA_052824865.1	51282	0.9318239633680997
GCA_052244395.1	51282	0.9318239633680997
GCA_025655275.1	51284	0.9318603045390123
GCA_030702015.1	51284	0.9318603045390123
GCA_030421755.1	51284	0.9318603045390123
GCA_024743455.1	51284	0.9318603045390123
GCA_030422445.1	51285	0.9318784751244685
GCA_030704945.1	51285	0.9318784751244685
GCA_030422395.1	51287	0.931914816295381
GCA_030702645.1	51287	0.931914816295381
GCA_025659755.1	51287	0.931914816295381
GCA_963877485.1	51288	0.9319329868808373
GCA_036597755.1	51288	0.9319329868808373
GCA_017290195.1	51288	0.9319329868808373
GCA_030701085.1	51289	0.9319511574662935
GCA_963891805.1	51289	0.9319511574662935
GCA_030420885.1	51289	0.9319511574662935
GCA_002903365.1	51289	0.9319511574662935
GCA_963892255.1	51291	0.9319874986372061
GCA_015351545.2	51291	0.9319874986372061
GCA_052824085.1	51292	0.9320056692226624
GCA_040240055.1	51292	0.9320056692226624
GCA_030701365.1	51293	0.9320238398081186
GCA_030420245.1	51293	0.9320238398081186
GCA_052824305.1	51293	0.9320238398081186
GCA_030419825.1	51293	0.9320238398081186
GCA_030703545.1	51293	0.9320238398081186
GCA_030704045.1	51293	0.9320238398081186
GCA_030421165.1	51293	0.9320238398081186
GCA_051867255.1	51294	0.9320420103935749
GCA_031883075.1	51295	0.9320601809790312
GCA_051724765.1	51296	0.9320783515644874
GCA_052827885.1	51296	0.9320783515644874
GCA_017290675.1	51296	0.9320783515644874
GCA_963890695.1	51296	0.9320783515644874
GCA_043697855.1	51296	0.9320783515644874
GCA_020169625.1	51297	0.9320965221499437
GCA_963896115.1	51297	0.9320965221499437
GCA_025659895.1	51298	0.9321146927353999
GCA_963878725.1	51298	0.9321146927353999
GCA_052824565.1	51298	0.9321146927353999
GCA_003072025.1	51298	0.9321146927353999
GCA_047315005.1	51299	0.9321328633208562
GCA_052824205.1	51300	0.9321510339063125
GCA_020238425.1	51300	0.9321510339063125
GCA_036597135.1	51300	0.9321510339063125
GCA_043696895.1	51301	0.9321692044917688
GCA_052824185.1	51302	0.9321873750772249
GCA_015776295.1	51302	0.9321873750772249
GCA_023768185.1	51303	0.9322055456626812
GCA_052824325.1	51303	0.9322055456626812
GCA_030703625.1	51304	0.9322237162481375
GCA_019188065.1	51304	0.9322237162481375
GCA_030419885.1	51304	0.9322237162481375
GCA_043697995.1	51304	0.9322237162481375
GCA_030703405.1	51305	0.9322418868335938
GCA_043695555.1	51305	0.9322418868335938
GCA_030419685.1	51305	0.9322418868335938
GCA_963877205.1	51306	0.93226005741905
GCA_002903885.1	51306	0.93226005741905
GCA_016094345.1	51306	0.93226005741905
GCA_963891765.1	51306	0.93226005741905
GCA_052824105.1	51306	0.93226005741905
GCA_030702905.1	51307	0.9322782280045063
GCA_030419225.1	51307	0.9322782280045063
GCA_052823905.1	51307	0.9322782280045063
GCA_036598965.1	51308	0.9322963985899626
GCA_036597355.1	51308	0.9322963985899626
GCA_015777235.1	51308	0.9322963985899626
GCA_963871615.1	51309	0.9323145691754189
GCA_015783255.1	51309	0.9323145691754189
GCA_002074885.2	51309	0.9323145691754189
GCA_036598825.1	51310	0.932332739760875
GCA_051523015.1	51310	0.932332739760875
GCA_963864835.1	51311	0.9323509103463313
GCA_000743165.1	51311	0.9323509103463313
GCA_963894455.1	51312	0.9323690809317876
GCA_047315265.1	51312	0.9323690809317876
GCA_020252285.1	51312	0.9323690809317876
GCA_044863385.1	51312	0.9323690809317876
GCA_015838595.1	51315	0.9324235926881564
GCA_015790595.1	51315	0.9324235926881564
GCA_036598205.1	51315	0.9324235926881564
GCA_000959745.1	51316	0.9324417632736127
GCA_963866105.1	51316	0.9324417632736127
GCA_030421385.1	51316	0.9324417632736127
GCA_030701585.1	51316	0.9324417632736127
GCA_036596755.1	51316	0.9324417632736127
GCA_043694835.1	51317	0.9324599338590689
GCA_022409635.1	51318	0.9324781044445252
GCA_963900075.1	51319	0.9324962750299814
GCA_032049915.1	51320	0.9325144456154377
GCA_047315245.1	51321	0.932532616200894
GCA_030702385.1	51321	0.932532616200894
GCA_030422155.1	51321	0.932532616200894
GCA_000743095.1	51323	0.9325689573718066
GCA_963892355.1	51323	0.9325689573718066
GCA_017291075.1	51323	0.9325689573718066
GCA_050681815.1	51323	0.9325689573718066
GCA_037402605.1	51323	0.9325689573718066
GCA_963864945.1	51323	0.9325689573718066
GCA_025659735.1	51324	0.9325871279572628
GCA_030702715.1	51324	0.9325871279572628
GCA_030422555.1	51324	0.9325871279572628
GCA_051523855.1	51325	0.932605298542719
GCA_052824245.1	51325	0.932605298542719
GCA_030419745.1	51326	0.9326234691281753
GCA_030419265.1	51326	0.9326234691281753
GCA_030703495.1	51326	0.9326234691281753
GCA_030703005.1	51326	0.9326234691281753
GCA_032050795.1	51327	0.9326416397136316
GCA_052824165.1	51327	0.9326416397136316
GCA_015776515.1	51327	0.9326416397136316
GCA_963860095.1	51328	0.9326598102990878
GCA_000009745.1	51328	0.9326598102990878
GCA_052823985.1	51329	0.9326779808845441
GCA_004214395.1	51329	0.9326779808845441
GCA_036596855.1	51329	0.9326779808845441
GCA_051020625.1	51329	0.9326779808845441
GCA_963881655.1	51329	0.9326779808845441
GCA_000743105.1	51330	0.9326961514700004
GCA_040240045.1	51330	0.9326961514700004
GCA_002891685.1	51330	0.9326961514700004
GCA_052828025.1	51330	0.9326961514700004
GCA_036597005.1	51330	0.9326961514700004
GCA_038099505.1	51330	0.9326961514700004
GCA_025659435.1	51330	0.9326961514700004
GCA_963877415.1	51330	0.9326961514700004
GCA_963865305.1	51330	0.9326961514700004
GCA_030419325.1	51330	0.9326961514700004
GCA_030419815.1	51331	0.9327143220554566
GCA_030703045.1	51331	0.9327143220554566
GCA_030703595.1	51331	0.9327143220554566
GCA_052824665.1	51332	0.9327324926409128
GCA_032049875.1	51332	0.9327324926409128
GCA_030701525.1	51332	0.9327324926409128
GCA_036597995.1	51332	0.9327324926409128
GCA_030421305.1	51332	0.9327324926409128
GCA_030420125.1	51333	0.9327506632263691
GCA_030703865.1	51333	0.9327506632263691
GCA_047315185.1	51333	0.9327506632263691
GCA_033593455.1	51334	0.9327688338118254
GCA_033631425.1	51335	0.9327870043972817
GCA_020251905.1	51335	0.9327870043972817
GCA_015790535.1	51335	0.9327870043972817
GCA_963896175.1	51335	0.9327870043972817
GCA_032050355.1	51336	0.932805174982738
GCA_053278835.1	51336	0.932805174982738
GCA_036597155.1	51337	0.9328233455681942
GCA_963877915.1	51337	0.9328233455681942
GCA_002903825.1	51337	0.9328233455681942
GCA_032047775.1	51337	0.9328233455681942
GCA_963864195.1	51337	0.9328233455681942
GCA_000743115.1	51337	0.9328233455681942
GCA_036597815.1	51337	0.9328233455681942
GCA_030419665.1	51338	0.9328415161536505
GCA_963895905.1	51338	0.9328415161536505
GCA_030703435.1	51338	0.9328415161536505
GCA_030420185.1	51338	0.9328415161536505
GCA_030703925.1	51338	0.9328415161536505
GCA_043696475.1	51339	0.9328596867391067
GCA_020169645.1	51339	0.9328596867391067
GCA_047315125.1	51340	0.932877857324563
GCA_032050415.1	51340	0.932877857324563
GCA_043695715.1	51340	0.932877857324563
GCA_031031745.1	51341	0.9328960279100192
GCA_052823625.1	51341	0.9328960279100192
GCA_043696495.1	51341	0.9328960279100192
GCA_025847115.1	51341	0.9328960279100192
GCA_052823645.1	51342	0.9329141984954755
GCA_050933755.1	51343	0.9329323690809318
GCA_963877885.1	51344	0.9329505396663881
GCA_963896105.1	51344	0.9329505396663881
GCA_030421125.1	51344	0.9329505396663881
GCA_002903865.1	51344	0.9329505396663881
GCA_020252225.1	51344	0.9329505396663881
GCA_030701315.1	51344	0.9329505396663881
GCA_015777215.1	51344	0.9329505396663881
GCA_963891475.1	51345	0.9329687102518444
GCA_030703055.1	51345	0.9329687102518444
GCA_017291205.1	51345	0.9329687102518444
GCA_963891525.1	51345	0.9329687102518444
GCA_017291255.1	51345	0.9329687102518444
GCA_030421215.1	51345	0.9329687102518444
GCA_030419305.1	51345	0.9329687102518444
GCA_030701405.1	51345	0.9329687102518444
GCA_030421245.1	51345	0.9329687102518444
GCA_030701415.1	51345	0.9329687102518444
GCA_030701385.1	51346	0.9329868808373005
GCA_036597595.1	51346	0.9329868808373005
GCA_037937605.1	51346	0.9329868808373005
GCA_032831035.1	51346	0.9329868808373005
GCA_052553435.1	51346	0.9329868808373005
GCA_051523835.1	51346	0.9329868808373005
GCA_030421175.1	51346	0.9329868808373005
GCA_052823605.1	51346	0.9329868808373005
GCA_040239415.1	51347	0.9330050514227568
GCA_015790675.1	51347	0.9330050514227568
GCA_025870705.1	51348	0.9330232220082131
GCA_025654735.1	51348	0.9330232220082131
GCA_032050395.1	51349	0.9330413925936694
GCA_052824945.1	51349	0.9330413925936694
GCA_032050375.1	51349	0.9330413925936694
GCA_036598305.1	51350	0.9330595631791256
GCA_004214625.1	51351	0.9330777337645819
GCA_965138845.1	51351	0.9330777337645819
GCA_963882285.1	51351	0.9330777337645819
GCA_036597575.1	51351	0.9330777337645819
GCA_042688925.1	51351	0.9330777337645819
GCA_032047335.1	51352	0.9330959043500382
GCA_030420365.1	51352	0.9330959043500382
GCA_030704105.1	51352	0.9330959043500382
GCA_044613875.1	51352	0.9330959043500382
GCA_963890755.1	51353	0.9331140749354945
GCA_017291305.1	51353	0.9331140749354945
GCA_002903545.1	51354	0.9331322455209506
GCA_002278455.1	51354	0.9331322455209506
GCA_963877445.1	51354	0.9331322455209506
GCA_963874665.1	51354	0.9331322455209506
GCA_963890665.1	51355	0.9331504161064069
GCA_963869465.1	51355	0.9331504161064069
GCA_052596535.1	51355	0.9331504161064069
GCA_017290495.1	51355	0.9331504161064069
GCA_001277815.1	51355	0.9331504161064069
GCA_052824705.1	51356	0.9331685866918632
GCA_043697915.1	51356	0.9331685866918632
GCA_030703225.1	51357	0.9331867572773195
GCA_022808515.1	51357	0.9331867572773195
GCA_051523795.1	51357	0.9331867572773195
GCA_963898755.1	51357	0.9331867572773195
GCA_030419455.1	51357	0.9331867572773195
GCA_032049075.1	51357	0.9331867572773195
GCA_043694775.1	51358	0.9332049278627758
GCA_030701775.1	51358	0.9332049278627758
GCA_030421565.1	51358	0.9332049278627758
GCA_030701985.1	51359	0.933223098448232
GCA_030421805.1	51359	0.933223098448232
GCA_030701425.1	51359	0.933223098448232
GCA_036598285.1	51359	0.933223098448232
GCA_030421205.1	51359	0.933223098448232
GCA_030703985.1	51361	0.9332594396191445
GCA_030420255.1	51361	0.9332594396191445
GCA_052824405.1	51361	0.9332594396191445
GCA_004215095.1	51362	0.9332776102046008
GCA_022966985.1	51362	0.9332776102046008
GCA_963882125.1	51362	0.9332776102046008
GCA_043696675.1	51362	0.9332776102046008
GCA_036596405.1	51363	0.933295780790057
GCA_036598345.1	51363	0.933295780790057
GCA_019563575.1	51363	0.933295780790057
GCA_021715395.1	51364	0.9333139513755133
GCA_036598385.1	51364	0.9333139513755133
GCA_030703735.1	51364	0.9333139513755133
GCA_052824125.1	51364	0.9333139513755133
GCA_054113665.1	51364	0.9333139513755133
GCA_032049695.1	51364	0.9333139513755133
GCA_043694755.1	51364	0.9333139513755133
GCA_030419985.1	51364	0.9333139513755133
GCA_051522675.1	51365	0.9333321219609696
GCA_002073095.1	51365	0.9333321219609696
GCA_963871985.1	51365	0.9333321219609696
GCA_036598765.1	51365	0.9333321219609696
GCA_025654875.1	51366	0.9333502925464259
GCA_032050775.1	51366	0.9333502925464259
GCA_015968595.1	51366	0.9333502925464259
GCA_052824425.1	51367	0.9333684631318822
GCA_036597255.1	51367	0.9333684631318822
GCA_015776575.1	51367	0.9333684631318822
GCA_043694715.1	51367	0.9333684631318822
GCA_052611665.1	51367	0.9333684631318822
GCA_020240645.1	51368	0.9333866337173384
GCA_036597935.1	51369	0.9334048043027946
GCA_030420645.1	51369	0.9334048043027946
GCA_025659525.1	51369	0.9334048043027946
GCA_030700825.1	51369	0.9334048043027946
GCA_963881695.1	51370	0.9334229748882509
GCA_001675245.1	51370	0.9334229748882509
GCA_963869965.1	51370	0.9334229748882509
GCA_043696795.1	51370	0.9334229748882509
GCA_004214525.1	51370	0.9334229748882509
GCA_051522855.1	51371	0.9334411454737072
GCA_030422325.1	51372	0.9334593160591634
GCA_030702545.1	51372	0.9334593160591634
GCA_048016835.1	51372	0.9334593160591634
GCA_963878465.1	51373	0.9334774866446197
GCA_036597195.1	51373	0.9334774866446197
GCA_003184105.1	51373	0.9334774866446197
GCA_052824605.1	51373	0.9334774866446197
GCA_052824445.1	51373	0.9334774866446197
GCA_021023075.1	51373	0.9334774866446197
GCA_052824885.1	51373	0.9334774866446197
GCA_031543015.1	51373	0.9334774866446197
GCA_963897585.1	51373	0.9334774866446197
GCA_021023055.1	51374	0.933495657230076
GCA_052824485.1	51374	0.933495657230076
GCA_963896805.1	51374	0.933495657230076
GCA_015777035.1	51374	0.933495657230076
GCA_032050455.1	51374	0.933495657230076
GCA_036597315.1	51374	0.933495657230076
GCA_036597615.1	51374	0.933495657230076
GCA_033760515.1	51374	0.933495657230076
GCA_052827825.1	51375	0.9335138278155322
GCA_030702785.1	51375	0.9335138278155322
GCA_030422585.1	51375	0.9335138278155322
GCA_030420785.1	51375	0.9335138278155322
GCA_023527805.1	51375	0.9335138278155322
GCA_030700945.1	51375	0.9335138278155322
GCA_024893325.1	51375	0.9335138278155322
GCA_963899665.1	51375	0.9335138278155322
GCA_036597295.1	51376	0.9335319984009884
GCA_036597675.1	51376	0.9335319984009884
GCA_021022985.1	51376	0.9335319984009884
GCA_030703805.1	51376	0.9335319984009884
GCA_030420025.1	51376	0.9335319984009884
GCA_963896925.1	51376	0.9335319984009884
GCA_963897905.1	51376	0.9335319984009884
GCA_963897915.1	51376	0.9335319984009884
GCA_051522875.1	51376	0.9335319984009884
GCA_021023035.1	51376	0.9335319984009884
GCA_021023015.1	51376	0.9335319984009884
GCA_052824465.1	51376	0.9335319984009884
GCA_040522025.1	51377	0.9335501689864447
GCA_036598605.1	51377	0.9335501689864447
GCA_052824745.1	51377	0.9335501689864447
GCA_009764115.1	51378	0.933568339571901
GCA_032050935.1	51378	0.933568339571901
GCA_963886755.1	51378	0.933568339571901
GCA_036598365.1	51379	0.9335865101573573
GCA_020252205.1	51379	0.9335865101573573
GCA_052824505.1	51379	0.9335865101573573
GCA_963894555.1	51379	0.9335865101573573
GCA_030420505.1	51379	0.9335865101573573
GCA_033630445.1	51379	0.9335865101573573
GCA_030700695.1	51379	0.9335865101573573
GCA_043931995.1	51380	0.9336046807428136
GCA_030700725.1	51381	0.9336228513282698
GCA_030420525.1	51381	0.9336228513282698
GCA_052824025.1	51381	0.9336228513282698
GCA_036596675.1	51381	0.9336228513282698
GCA_963877815.1	51381	0.9336228513282698
GCA_002903605.1	51381	0.9336228513282698
GCA_030420085.1	51382	0.9336410219137261
GCA_030421435.1	51382	0.9336410219137261
GCA_036596795.1	51382	0.9336410219137261
GCA_032047415.1	51382	0.9336410219137261
GCA_030703825.1	51382	0.9336410219137261
GCA_963860035.1	51383	0.9336591924991823
GCA_000039765.1	51383	0.9336591924991823
GCA_030701645.1	51383	0.9336591924991823
GCA_030702365.1	51384	0.9336773630846386
GCA_030703105.1	51384	0.9336773630846386
GCA_052824065.1	51384	0.9336773630846386
GCA_036598425.1	51384	0.9336773630846386
GCA_030422145.1	51384	0.9336773630846386
GCA_025654895.1	51384	0.9336773630846386
GCA_051523935.1	51384	0.9336773630846386
GCA_030419335.1	51384	0.9336773630846386
GCA_015746005.1	51385	0.9336955336700948
GCA_051523755.1	51385	0.9336955336700948
GCA_051522915.1	51385	0.9336955336700948
GCA_052823665.1	51385	0.9336955336700948
GCA_038397025.1	51385	0.9336955336700948
GCA_036597875.1	51385	0.9336955336700948
GCA_038397015.1	51386	0.9337137042555511
GCA_039834235.1	51386	0.9337137042555511
GCA_032049775.1	51386	0.9337137042555511
GCA_015798815.1	51387	0.9337318748410074
GCA_052036995.1	51388	0.9337500454264637
GCA_015838415.1	51388	0.9337500454264637
GCA_029001485.1	51388	0.9337500454264637
GCA_963877655.1	51389	0.93376821601192
GCA_020252265.1	51389	0.93376821601192
GCA_963894545.1	51389	0.93376821601192
GCA_002903585.1	51389	0.93376821601192
GCA_036596435.1	51389	0.93376821601192
GCA_051522975.1	51389	0.93376821601192
GCA_032048175.1	51389	0.93376821601192
GCA_044093685.1	51390	0.9337863865973761
GCA_052823705.1	51390	0.9337863865973761
GCA_029001585.1	51390	0.9337863865973761
GCA_025654785.1	51390	0.9337863865973761
GCA_963881545.1	51391	0.9338045571828324
GCA_004215015.1	51391	0.9338045571828324
GCA_032047355.1	51391	0.9338045571828324
GCA_047315065.1	51391	0.9338045571828324
GCA_048693275.1	51392	0.9338227277682887
GCA_015777625.1	51392	0.9338227277682887
GCA_036597545.1	51393	0.933840898353745
GCA_014525125.1	51393	0.933840898353745
GCA_004355205.1	51393	0.933840898353745
GCA_025655295.1	51393	0.933840898353745
GCA_045348105.1	51393	0.933840898353745
GCA_963881315.1	51393	0.933840898353745
GCA_963890015.1	51393	0.933840898353745
GCA_030421845.1	51394	0.9338590689392012
GCA_051523055.1	51394	0.9338590689392012
GCA_015777135.1	51394	0.9338590689392012
GCA_030702045.1	51394	0.9338590689392012
GCA_036598905.1	51395	0.9338772395246575
GCA_030703905.1	51395	0.9338772395246575
GCA_030701715.1	51395	0.9338772395246575
GCA_040239905.1	51395	0.9338772395246575
GCA_030420135.1	51395	0.9338772395246575
GCA_048693375.1	51395	0.9338772395246575
GCA_030421585.1	51395	0.9338772395246575
GCA_053832735.1	51395	0.9338772395246575
GCA_051523175.1	51396	0.9338954101101138
GCA_036596955.1	51396	0.9338954101101138
GCA_030700635.1	51396	0.9338954101101138
GCA_044536725.1	51396	0.9338954101101138
GCA_032049835.1	51396	0.9338954101101138
GCA_036597975.1	51396	0.9338954101101138
GCA_016094365.1	51396	0.9338954101101138
GCA_016094395.1	51396	0.9338954101101138
GCA_963891445.1	51396	0.9338954101101138
GCA_030420435.1	51396	0.9338954101101138
GCA_051523205.1	51396	0.9338954101101138
GCA_036598645.1	51396	0.9338954101101138
GCA_963892385.1	51396	0.9338954101101138
GCA_036598245.1	51397	0.9339135806955701
GCA_030420265.1	51397	0.9339135806955701
GCA_030704005.1	51397	0.9339135806955701
GCA_004302935.1	51398	0.9339317512810262
GCA_963891965.1	51398	0.9339317512810262
GCA_052824285.1	51398	0.9339317512810262
GCA_016094435.1	51398	0.9339317512810262
GCA_037402695.1	51398	0.9339317512810262
GCA_040240025.1	51398	0.9339317512810262
GCA_019442565.1	51398	0.9339317512810262
GCA_025654775.1	51398	0.9339317512810262
GCA_051523135.1	51399	0.9339499218664825
GCA_036597515.1	51399	0.9339499218664825
GCA_052823945.1	51399	0.9339499218664825
GCA_030422425.1	51399	0.9339499218664825
GCA_030702585.1	51399	0.9339499218664825
GCA_032050315.1	51400	0.9339680924519388
GCA_053830895.1	51400	0.9339680924519388
GCA_963891785.1	51400	0.9339680924519388
GCA_963890945.1	51400	0.9339680924519388
GCA_016094295.1	51400	0.9339680924519388
GCA_017291335.1	51400	0.9339680924519388
GCA_047315145.1	51401	0.9339862630373951
GCA_030702885.1	51401	0.9339862630373951
GCA_030422685.1	51401	0.9339862630373951
GCA_016094505.1	51401	0.9339862630373951
GCA_963881505.1	51401	0.9339862630373951
GCA_963892025.1	51401	0.9339862630373951
GCA_963892045.1	51401	0.9339862630373951
GCA_963892405.1	51401	0.9339862630373951
GCA_004215145.1	51401	0.9339862630373951
GCA_016094475.1	51401	0.9339862630373951
GCA_016094425.1	51401	0.9339862630373951
GCA_030422025.1	51402	0.9340044336228513
GCA_030419405.1	51402	0.9340044336228513
GCA_030703265.1	51402	0.9340044336228513
GCA_030702205.1	51402	0.9340044336228513
GCA_036596615.1	51402	0.9340044336228513
GCA_016094535.1	51402	0.9340044336228513
GCA_030703245.1	51402	0.9340044336228513
GCA_030703185.1	51402	0.9340044336228513
GCA_036598565.1	51402	0.9340044336228513
GCA_043697615.1	51402	0.9340044336228513
GCA_963891775.1	51402	0.9340044336228513
GCA_030419495.1	51402	0.9340044336228513
GCA_030419485.1	51402	0.9340044336228513
GCA_016094415.1	51403	0.9340226042083076
GCA_017291275.1	51403	0.9340226042083076
GCA_032023165.1	51403	0.9340226042083076
GCA_016094575.1	51403	0.9340226042083076
GCA_016094525.1	51403	0.9340226042083076
GCA_963891495.1	51403	0.9340226042083076
GCA_963891215.1	51403	0.9340226042083076
GCA_963890635.1	51403	0.9340226042083076
GCA_015968775.1	51403	0.9340226042083076
GCA_030422365.1	51403	0.9340226042083076
GCA_030702615.1	51403	0.9340226042083076
GCA_963891295.1	51403	0.9340226042083076
GCA_015776895.1	51403	0.9340226042083076
GCA_963877825.1	51403	0.9340226042083076
GCA_002903555.1	51403	0.9340226042083076
GCA_015964215.1	51404	0.9340407747937638
GCA_030703175.1	51404	0.9340407747937638
GCA_016094495.1	51404	0.9340407747937638
GCA_963874275.1	51404	0.9340407747937638
GCA_032047395.1	51404	0.9340407747937638
GCA_963892055.1	51404	0.9340407747937638
GCA_036598145.1	51404	0.9340407747937638
GCA_030419165.1	51404	0.9340407747937638
GCA_036597795.1	51404	0.9340407747937638
GCA_041503875.1	51404	0.9340407747937638
GCA_030422345.1	51404	0.9340407747937638
GCA_030702915.1	51404	0.9340407747937638
GCA_030702565.1	51404	0.9340407747937638
GCA_030419425.1	51404	0.9340407747937638
GCA_002278415.1	51404	0.9340407747937638
GCA_002265325.1	51405	0.9340589453792201
GCA_963874255.1	51405	0.9340589453792201
GCA_015777605.1	51405	0.9340589453792201
GCA_015960745.1	51405	0.9340589453792201
GCA_002278435.1	51405	0.9340589453792201
GCA_051523895.1	51405	0.9340589453792201
GCA_032048195.1	51405	0.9340589453792201
GCA_051522835.1	51405	0.9340589453792201
GCA_963874455.1	51405	0.9340589453792201
GCA_031702865.1	51406	0.9340771159646764
GCA_015819765.1	51407	0.9340952865501326
GCA_002073145.1	51407	0.9340952865501326
GCA_030702985.1	51407	0.9340952865501326
GCA_036598125.1	51407	0.9340952865501326
GCA_030419195.1	51407	0.9340952865501326
GCA_015776175.1	51407	0.9340952865501326
GCA_022917135.1	51407	0.9340952865501326
GCA_963872275.1	51407	0.9340952865501326
GCA_052823585.1	51407	0.9340952865501326
GCA_015777115.1	51408	0.9341134571355889
GCA_032047535.1	51408	0.9341134571355889
GCA_025658975.1	51408	0.9341134571355889
GCA_032354715.1	51408	0.9341134571355889
GCA_032050895.1	51408	0.9341134571355889
GCA_030702425.1	51408	0.9341134571355889
GCA_030422225.1	51408	0.9341134571355889
GCA_032050255.1	51408	0.9341134571355889
GCA_032048795.1	51409	0.9341316277210452
GCA_018119485.1	51409	0.9341316277210452
GCA_015790655.1	51409	0.9341316277210452
GCA_043697295.1	51410	0.9341497983065015
GCA_047315205.1	51410	0.9341497983065015
GCA_052823525.1	51410	0.9341497983065015
GCA_051523875.1	51410	0.9341497983065015
GCA_024555465.1	51410	0.9341497983065015
GCA_020169755.1	51411	0.9341679688919577
GCA_042155885.1	51411	0.9341679688919577
GCA_015774695.1	51411	0.9341679688919577
GCA_002287295.1	51411	0.9341679688919577
GCA_963895595.1	51411	0.9341679688919577
GCA_024564405.1	51411	0.9341679688919577
GCA_025654855.1	51412	0.934186139477414
GCA_030420305.1	51412	0.934186139477414
GCA_030704065.1	51412	0.934186139477414
GCA_000959765.1	51412	0.934186139477414
GCA_963896245.1	51412	0.934186139477414
GCA_015821005.1	51412	0.934186139477414
GCA_963866365.1	51412	0.934186139477414
GCA_020252125.1	51412	0.934186139477414
GCA_036598725.1	51412	0.934186139477414
GCA_015815545.1	51412	0.934186139477414
GCA_052823965.1	51413	0.9342043100628702
GCA_024495735.1	51413	0.9342043100628702
GCA_032423895.1	51413	0.9342043100628702
GCA_022289275.1	51414	0.9342224806483265
GCA_963898375.1	51414	0.9342224806483265
GCA_031702815.1	51414	0.9342224806483265
GCA_025654995.1	51415	0.9342406512337827
GCA_032519865.1	51415	0.9342406512337827
GCA_036598395.1	51415	0.9342406512337827
GCA_036598705.1	51415	0.9342406512337827
GCA_025659055.1	51415	0.9342406512337827
GCA_002284515.1	51415	0.9342406512337827
GCA_051637845.1	51415	0.9342406512337827
GCA_963874795.1	51415	0.9342406512337827
GCA_030700755.1	51416	0.934258821819239
GCA_030420605.1	51416	0.934258821819239
GCA_032974485.1	51416	0.934258821819239
GCA_036597235.1	51416	0.934258821819239
GCA_052824785.1	51417	0.9342769924046953
GCA_022808555.1	51417	0.9342769924046953
GCA_030420315.1	51417	0.9342769924046953
GCA_030704075.1	51417	0.9342769924046953
GCA_036765455.1	51417	0.9342769924046953
GCA_036596555.1	51417	0.9342769924046953
GCA_963898875.1	51417	0.9342769924046953
GCA_030701965.1	51418	0.9342951629901516
GCA_015787365.1	51418	0.9342951629901516
GCA_032048355.1	51418	0.9342951629901516
GCA_030700895.1	51418	0.9342951629901516
GCA_030421785.1	51418	0.9342951629901516
GCA_036598585.1	51418	0.9342951629901516
GCA_030420635.1	51418	0.9342951629901516
GCA_036596375.1	51418	0.9342951629901516
GCA_015790715.1	51419	0.9343133335756078
GCA_015790935.1	51419	0.9343133335756078
GCA_032047475.1	51419	0.9343133335756078
GCA_036596975.1	51419	0.9343133335756078
GCA_052823765.1	51419	0.9343133335756078
GCA_052823685.1	51420	0.934331504161064
GCA_963898855.1	51420	0.934331504161064
GCA_002073185.1	51420	0.934331504161064
GCA_052823825.1	51420	0.934331504161064
GCA_036597215.1	51420	0.934331504161064
GCA_032050835.1	51420	0.934331504161064
GCA_002265345.1	51420	0.934331504161064
GCA_022808495.1	51420	0.934331504161064
GCA_963874535.1	51420	0.934331504161064
GCA_963871975.1	51420	0.934331504161064
GCA_000186585.1	51421	0.9343496747465203
GCA_032050235.1	51421	0.9343496747465203
GCA_040240125.1	51421	0.9343496747465203
GCA_963861855.1	51421	0.9343496747465203
GCA_036596935.1	51422	0.9343678453319766
GCA_052824005.1	51423	0.9343860159174329
GCA_030421825.1	51423	0.9343860159174329
GCA_032050035.1	51423	0.9343860159174329
GCA_015777585.1	51423	0.9343860159174329
GCA_036596695.1	51423	0.9343860159174329
GCA_036596655.1	51423	0.9343860159174329
GCA_030702035.1	51423	0.9343860159174329
GCA_036597775.1	51423	0.9343860159174329
GCA_052823745.1	51423	0.9343860159174329
GCA_036597455.1	51424	0.9344041865028891
GCA_023080575.1	51424	0.9344041865028891
GCA_030702445.1	51424	0.9344041865028891
GCA_037124085.1	51424	0.9344041865028891
GCA_040240185.1	51424	0.9344041865028891
GCA_052824145.1	51424	0.9344041865028891
GCA_030422205.1	51424	0.9344041865028891
GCA_053898645.1	51425	0.9344223570883454
GCA_963890055.1	51425	0.9344223570883454
GCA_044005795.1	51425	0.9344223570883454
GCA_014525155.1	51425	0.9344223570883454
GCA_052823785.1	51425	0.9344223570883454
GCA_031031825.1	51426	0.9344405276738017
GCA_030701485.1	51426	0.9344405276738017
GCA_030701465.1	51426	0.9344405276738017
GCA_036596455.1	51426	0.9344405276738017
GCA_032048775.1	51426	0.9344405276738017
GCA_036698315.1	51426	0.9344405276738017
GCA_030422085.1	51426	0.9344405276738017
GCA_963881475.1	51426	0.9344405276738017
GCA_030421265.1	51426	0.9344405276738017
GCA_030421285.1	51426	0.9344405276738017
GCA_004214595.1	51426	0.9344405276738017
GCA_015786555.1	51426	0.9344405276738017
GCA_047953555.1	51426	0.9344405276738017
GCA_052827945.1	51426	0.9344405276738017
GCA_030702305.1	51426	0.9344405276738017
GCA_023080005.1	51427	0.9344586982592579
GCA_036597635.1	51427	0.9344586982592579
GCA_052824525.1	51427	0.9344586982592579
GCA_032048595.1	51427	0.9344586982592579
GCA_030420035.1	51428	0.9344768688447141
GCA_030703755.1	51428	0.9344768688447141
GCA_025659175.1	51428	0.9344768688447141
GCA_963871955.1	51429	0.9344950394301704
GCA_002073065.1	51429	0.9344950394301704
GCA_030419625.1	51429	0.9344950394301704
GCA_030420875.1	51429	0.9344950394301704
GCA_037407335.1	51429	0.9344950394301704
GCA_030701075.1	51429	0.9344950394301704
GCA_030703365.1	51429	0.9344950394301704
GCA_025660255.1	51430	0.9345132100156267
GCA_030701505.1	51430	0.9345132100156267
GCA_037402815.1	51430	0.9345132100156267
GCA_030421325.1	51430	0.9345132100156267
GCA_002903525.1	51430	0.9345132100156267
GCA_963877495.1	51431	0.934531380601083
GCA_025655375.1	51431	0.934531380601083
GCA_032048815.1	51431	0.934531380601083
GCA_043696435.1	51431	0.934531380601083
GCA_043696115.1	51431	0.934531380601083
GCA_032048855.1	51431	0.934531380601083
GCA_039834095.1	51431	0.934531380601083
GCA_004214675.1	51431	0.934531380601083
GCA_025659155.1	51431	0.934531380601083
GCA_015776655.1	51431	0.934531380601083
GCA_963881485.1	51431	0.934531380601083
GCA_015777055.1	51431	0.934531380601083
GCA_052823925.1	51432	0.9345495511865393
GCA_052823885.1	51432	0.9345495511865393
GCA_963877845.1	51432	0.9345495511865393
GCA_051523155.1	51432	0.9345495511865393
GCA_032047905.1	51432	0.9345495511865393
GCA_002903695.1	51432	0.9345495511865393
GCA_051644045.1	51433	0.9345677217719955
GCA_003071965.1	51433	0.9345677217719955
GCA_963878425.1	51433	0.9345677217719955
GCA_032049735.1	51433	0.9345677217719955
GCA_048693555.1	51433	0.9345677217719955
GCA_037063615.1	51434	0.9345858923574517
GCA_030144015.1	51434	0.9345858923574517
GCA_030144025.1	51434	0.9345858923574517
GCA_036598465.1	51434	0.9345858923574517
GCA_030419945.1	51434	0.9345858923574517
GCA_032048495.1	51434	0.9345858923574517
GCA_030703705.1	51434	0.9345858923574517
GCA_015787995.1	51435	0.934604062942908
GCA_030421985.1	51435	0.934604062942908
GCA_037064115.1	51435	0.934604062942908
GCA_030144005.1	51435	0.934604062942908
GCA_030702215.1	51435	0.934604062942908
GCA_015790235.1	51435	0.934604062942908
GCA_025655225.1	51435	0.934604062942908
GCA_025655195.1	51435	0.934604062942908
GCA_025660175.1	51435	0.934604062942908
GCA_036597735.1	51436	0.9346222335283643
GCA_020252345.1	51436	0.9346222335283643
GCA_015790475.1	51436	0.9346222335283643
GCA_963894365.1	51436	0.9346222335283643
GCA_036598225.1	51436	0.9346222335283643
GCA_030704595.1	51436	0.9346222335283643
GCA_036596995.1	51437	0.9346404041138205
GCA_036596205.1	51437	0.9346404041138205
GCA_040239985.1	51437	0.9346404041138205
GCA_025660095.1	51437	0.9346404041138205
GCA_030422125.1	51437	0.9346404041138205
GCA_043697455.1	51437	0.9346404041138205
GCA_963875585.1	51437	0.9346404041138205
GCA_030702345.1	51437	0.9346404041138205
GCA_002204915.1	51437	0.9346404041138205
GCA_015790395.1	51438	0.9346585746992768
GCA_030701225.1	51438	0.9346585746992768
GCA_015820925.1	51438	0.9346585746992768
GCA_030421025.1	51438	0.9346585746992768
GCA_043695915.1	51438	0.9346585746992768
GCA_041217635.1	51438	0.9346585746992768
GCA_020251975.1	51439	0.9346767452847331
GCA_002903245.1	51439	0.9346767452847331
GCA_040239865.1	51439	0.9346767452847331
GCA_963891155.1	51439	0.9346767452847331
GCA_030419605.1	51439	0.9346767452847331
GCA_051523195.1	51439	0.9346767452847331
GCA_963894265.1	51439	0.9346767452847331
GCA_017291175.1	51439	0.9346767452847331
GCA_015820165.1	51439	0.9346767452847331
GCA_963877425.1	51439	0.9346767452847331
GCA_040240105.1	51440	0.9346949158701894
GCA_030702125.1	51440	0.9346949158701894
GCA_030220165.1	51440	0.9346949158701894
GCA_030702815.1	51440	0.9346949158701894
GCA_030144045.1	51440	0.9346949158701894
GCA_030421945.1	51440	0.9346949158701894
GCA_963896095.1	51440	0.9346949158701894
GCA_046581405.1	51440	0.9346949158701894
GCA_020251895.1	51440	0.9346949158701894
GCA_030422595.1	51440	0.9346949158701894
GCA_030420565.1	51441	0.9347130864556457
GCA_052824725.1	51441	0.9347130864556457
GCA_052824045.1	51441	0.9347130864556457
GCA_030700785.1	51441	0.9347130864556457
GCA_031702885.1	51441	0.9347130864556457
GCA_015819645.1	51442	0.9347312570411018
GCA_025655155.1	51442	0.9347312570411018
GCA_052823805.1	51442	0.9347312570411018
GCA_025659945.1	51443	0.9347494276265581
GCA_030421625.1	51443	0.9347494276265581
GCA_026266695.1	51443	0.9347494276265581
GCA_053219515.1	51443	0.9347494276265581
GCA_026264475.1	51443	0.9347494276265581
GCA_963887755.1	51443	0.9347494276265581
GCA_015777175.1	51443	0.9347494276265581
GCA_020252305.1	51443	0.9347494276265581
GCA_963894425.1	51443	0.9347494276265581
GCA_032049335.1	51443	0.9347494276265581
GCA_011754395.1	51443	0.9347494276265581
GCA_030701805.1	51443	0.9347494276265581
GCA_003072055.1	51443	0.9347494276265581
GCA_045319495.1	51444	0.9347675982120144
GCA_032820095.1	51444	0.9347675982120144
GCA_020502855.1	51444	0.9347675982120144
GCA_041136605.1	51444	0.9347675982120144
GCA_025655215.1	51444	0.9347675982120144
GCA_015774775.1	51445	0.9347857687974707
GCA_042278205.1	51445	0.9347857687974707
GCA_044116325.1	51445	0.9347857687974707
GCA_052267905.1	51445	0.9347857687974707
GCA_037062995.1	51446	0.9348039393829269
GCA_052958085.1	51446	0.9348039393829269
GCA_963895525.1	51446	0.9348039393829269
GCA_031702905.1	51446	0.9348039393829269
GCA_020252325.1	51446	0.9348039393829269
GCA_032049635.1	51446	0.9348039393829269
GCA_051523735.1	51446	0.9348039393829269
GCA_025659515.1	51446	0.9348039393829269
GCA_044094825.1	51446	0.9348039393829269
GCA_002903285.1	51447	0.9348221099683832
GCA_037062165.1	51447	0.9348221099683832
GCA_003798485.1	51447	0.9348221099683832
GCA_040239925.1	51447	0.9348221099683832
GCA_032048205.1	51447	0.9348221099683832
GCA_963877505.1	51447	0.9348221099683832
GCA_015777155.1	51447	0.9348221099683832
GCA_019761835.1	51447	0.9348221099683832
GCA_030422505.1	51448	0.9348402805538394
GCA_015820305.1	51448	0.9348402805538394
GCA_015776915.1	51448	0.9348402805538394
GCA_043696215.1	51448	0.9348402805538394
GCA_030702685.1	51448	0.9348402805538394
GCA_041734945.1	51448	0.9348402805538394
GCA_050875385.1	51448	0.9348402805538394
GCA_032050755.1	51448	0.9348402805538394
GCA_025659415.1	51448	0.9348402805538394
GCA_015790915.1	51448	0.9348402805538394
GCA_963894565.1	51449	0.9348584511392957
GCA_963864165.1	51449	0.9348584511392957
GCA_030703485.1	51449	0.9348584511392957
GCA_000764895.1	51449	0.9348584511392957
GCA_026874355.1	51449	0.9348584511392957
GCA_043697835.1	51449	0.9348584511392957
GCA_030419755.1	51449	0.9348584511392957
GCA_020169635.1	51449	0.9348584511392957
GCA_015777845.1	51450	0.9348766217247519
GCA_015812275.1	51450	0.9348766217247519
GCA_044855825.1	51450	0.9348766217247519
GCA_039833915.1	51450	0.9348766217247519
GCA_963895985.1	51450	0.9348766217247519
GCA_025660275.1	51450	0.9348766217247519
GCA_020251845.1	51450	0.9348766217247519
GCA_036596495.1	51450	0.9348766217247519
GCA_030702945.1	51451	0.9348947923102082
GCA_963877435.1	51451	0.9348947923102082
GCA_002863725.1	51451	0.9348947923102082
GCA_030422665.1	51451	0.9348947923102082
GCA_032047275.1	51451	0.9348947923102082
GCA_030422545.1	51452	0.9349129628956645
GCA_030703025.1	51452	0.9349129628956645
GCA_030702765.1	51452	0.9349129628956645
GCA_030419175.1	51452	0.9349129628956645
GCA_963872025.1	51452	0.9349129628956645
GCA_002073055.1	51452	0.9349129628956645
GCA_030700805.1	51453	0.9349311334811208
GCA_030420005.1	51453	0.9349311334811208
GCA_016576055.1	51453	0.9349311334811208
GCA_030703785.1	51453	0.9349311334811208
GCA_015778705.1	51453	0.9349311334811208
GCA_039833975.1	51453	0.9349311334811208
GCA_030420585.1	51453	0.9349311334811208
GCA_036596355.1	51453	0.9349311334811208
GCA_015776955.1	51453	0.9349311334811208
GCA_030703645.1	51454	0.9349493040665771
GCA_023120595.1	51454	0.9349493040665771
GCA_036596815.1	51454	0.9349493040665771
GCA_036876705.1	51454	0.9349493040665771
GCA_030419905.1	51454	0.9349493040665771
GCA_022880775.1	51454	0.9349493040665771
GCA_015820665.1	51454	0.9349493040665771
GCA_033675985.1	51455	0.9349674746520333
GCA_039834255.1	51455	0.9349674746520333
GCA_043694935.1	51455	0.9349674746520333
GCA_030703525.1	51455	0.9349674746520333
GCA_030419785.1	51455	0.9349674746520333
GCA_036596715.1	51455	0.9349674746520333
GCA_030420225.1	51455	0.9349674746520333
GCA_051523655.1	51455	0.9349674746520333
GCA_030703965.1	51455	0.9349674746520333
GCA_025225835.1	51455	0.9349674746520333
GCA_025659835.1	51456	0.9349856452374895
GCA_045319515.1	51456	0.9349856452374895
GCA_032049095.1	51456	0.9349856452374895
GCA_963877625.1	51456	0.9349856452374895
GCA_043697595.1	51456	0.9349856452374895
GCA_963866425.1	51456	0.9349856452374895
GCA_036597475.1	51456	0.9349856452374895
GCA_002903645.1	51456	0.9349856452374895
GCA_031985145.1	51457	0.9350038158229458
GCA_030702005.1	51457	0.9350038158229458
GCA_032048115.1	51457	0.9350038158229458
GCA_036598085.1	51457	0.9350038158229458
GCA_040239875.1	51457	0.9350038158229458
GCA_000960125.1	51457	0.9350038158229458
GCA_030421735.1	51457	0.9350038158229458
GCA_031702805.1	51457	0.9350038158229458
GCA_015819745.1	51458	0.9350219864084021
GCA_047315025.1	51458	0.9350219864084021
GCA_001653775.1	51458	0.9350219864084021
GCA_030422705.1	51458	0.9350219864084021
GCA_030702865.1	51458	0.9350219864084021
GCA_963870775.1	51458	0.9350219864084021
GCA_015783395.1	51458	0.9350219864084021
GCA_021715645.1	51458	0.9350219864084021
GCA_036597715.1	51458	0.9350219864084021
GCA_015820725.1	51458	0.9350219864084021
GCA_001433435.1	51458	0.9350219864084021
GCA_963869925.1	51458	0.9350219864084021
GCA_019727515.1	51459	0.9350401569938583
GCA_051522935.1	51459	0.9350401569938583
GCA_039834055.1	51459	0.9350401569938583
GCA_025660075.1	51459	0.9350401569938583
GCA_030702495.1	51459	0.9350401569938583
GCA_032049235.1	51459	0.9350401569938583
GCA_030422265.1	51459	0.9350401569938583
GCA_031702785.1	51459	0.9350401569938583
GCA_019682715.1	51459	0.9350401569938583
GCA_036597415.1	51459	0.9350401569938583
GCA_036597435.1	51459	0.9350401569938583
GCA_018080885.1	51460	0.9350583275793146
GCA_047948375.1	51460	0.9350583275793146
GCA_029001505.1	51460	0.9350583275793146
GCA_023352295.1	51460	0.9350583275793146
GCA_015820225.1	51461	0.9350764981647709
GCA_043695435.1	51461	0.9350764981647709
GCA_015787015.1	51461	0.9350764981647709
GCA_030421445.1	51461	0.9350764981647709
GCA_030701675.1	51461	0.9350764981647709
GCA_053441425.1	51461	0.9350764981647709
GCA_052228075.1	51461	0.9350764981647709
GCA_015820745.1	51461	0.9350764981647709
GCA_036597335.1	51461	0.9350764981647709
GCA_046720945.1	51461	0.9350764981647709
GCA_015968605.1	51462	0.9350946687502272
GCA_039834315.1	51462	0.9350946687502272
GCA_030702465.1	51462	0.9350946687502272
GCA_036596285.1	51462	0.9350946687502272
GCA_024486605.1	51462	0.9350946687502272
GCA_051020705.1	51462	0.9350946687502272
GCA_015789095.1	51462	0.9350946687502272
GCA_030420205.1	51462	0.9350946687502272
GCA_030703945.1	51462	0.9350946687502272
GCA_043694815.1	51462	0.9350946687502272
GCA_902388005.1	51462	0.9350946687502272
GCA_030422285.1	51462	0.9350946687502272
GCA_963903095.1	51462	0.9350946687502272
GCA_963895605.1	51463	0.9351128393356833
GCA_030421335.1	51463	0.9351128393356833
GCA_043694855.1	51463	0.9351128393356833
GCA_030701305.1	51463	0.9351128393356833
GCA_030702505.1	51463	0.9351128393356833
GCA_020169695.1	51463	0.9351128393356833
GCA_030422275.1	51463	0.9351128393356833
GCA_030421105.1	51463	0.9351128393356833
GCA_030703685.1	51463	0.9351128393356833
GCA_030419915.1	51463	0.9351128393356833
GCA_030701545.1	51463	0.9351128393356833
GCA_022289495.1	51464	0.9351310099211396
GCA_015789675.1	51464	0.9351310099211396
GCA_032050175.1	51464	0.9351310099211396
GCA_963897665.1	51464	0.9351310099211396
GCA_019332815.1	51464	0.9351310099211396
GCA_015820485.1	51464	0.9351310099211396
GCA_025659675.1	51464	0.9351310099211396
GCA_032975325.1	51464	0.9351310099211396
GCA_025659655.1	51464	0.9351310099211396
GCA_025654695.1	51464	0.9351310099211396
GCA_022611335.1	51465	0.9351491805065959
GCA_014925665.1	51465	0.9351491805065959
GCA_037124065.1	51465	0.9351491805065959
GCA_037063385.1	51465	0.9351491805065959
GCA_030420015.1	51465	0.9351491805065959
GCA_030703725.1	51465	0.9351491805065959
GCA_030420755.1	51465	0.9351491805065959
GCA_030700885.1	51465	0.9351491805065959
GCA_031702745.1	51465	0.9351491805065959
GCA_015968635.1	51465	0.9351491805065959
GCA_963882245.1	51466	0.9351673510920522
GCA_039834275.1	51466	0.9351673510920522
GCA_028022475.1	51466	0.9351673510920522
GCA_047704315.1	51466	0.9351673510920522
GCA_004302945.1	51466	0.9351673510920522
GCA_036596535.1	51466	0.9351673510920522
GCA_032047795.1	51466	0.9351673510920522
GCA_030701265.1	51467	0.9351855216775085
GCA_030701245.1	51467	0.9351855216775085
GCA_043697255.1	51467	0.9351855216775085
GCA_015778365.1	51467	0.9351855216775085
GCA_051523775.1	51467	0.9351855216775085
GCA_025659595.1	51467	0.9351855216775085
GCA_015819625.1	51467	0.9351855216775085
GCA_040239435.1	51467	0.9351855216775085
GCA_030702185.1	51467	0.9351855216775085
GCA_024964045.1	51467	0.9351855216775085
GCA_051522655.1	51467	0.9351855216775085
GCA_051523035.1	51467	0.9351855216775085
GCA_032048555.1	51467	0.9351855216775085
GCA_030421955.1	51467	0.9351855216775085
GCA_037402755.1	51467	0.9351855216775085
GCA_032974495.1	51467	0.9351855216775085
GCA_052582015.1	51467	0.9351855216775085
GCA_030421065.1	51467	0.9351855216775085
GCA_030421035.1	51467	0.9351855216775085
GCA_032050015.1	51467	0.9351855216775085
GCA_015819845.1	51468	0.9352036922629647
GCA_040422255.1	51468	0.9352036922629647
GCA_043697655.1	51468	0.9352036922629647
GCA_051523255.1	51468	0.9352036922629647
GCA_040826905.1	51468	0.9352036922629647
GCA_023079785.1	51468	0.9352036922629647
GCA_015777425.1	51469	0.935221862848421
GCA_030420965.1	51469	0.935221862848421
GCA_030701155.1	51469	0.935221862848421
GCA_051523815.1	51469	0.935221862848421
GCA_019333195.1	51469	0.935221862848421
GCA_030701005.1	51469	0.935221862848421
GCA_030701185.1	51469	0.935221862848421
GCA_030420825.1	51469	0.935221862848421
GCA_030421855.1	51469	0.935221862848421
GCA_030420945.1	51469	0.935221862848421
GCA_040240115.1	51469	0.935221862848421
GCA_030702105.1	51469	0.935221862848421
GCA_043697155.1	51469	0.935221862848421
GCA_030701205.1	51470	0.9352400334338773
GCA_016110185.1	51470	0.9352400334338773
GCA_030700745.1	51470	0.9352400334338773
GCA_052824825.1	51470	0.9352400334338773
GCA_053215835.1	51470	0.9352400334338773
GCA_032616575.1	51470	0.9352400334338773
GCA_036596475.1	51470	0.9352400334338773
GCA_036596225.1	51470	0.9352400334338773
GCA_030700865.1	51470	0.9352400334338773
GCA_030700905.1	51470	0.9352400334338773
GCA_047704355.1	51470	0.9352400334338773
GCA_032050045.1	51470	0.9352400334338773
GCA_030420985.1	51470	0.9352400334338773
GCA_030420705.1	51470	0.9352400334338773
GCA_046056645.1	51470	0.9352400334338773
GCA_030420535.1	51470	0.9352400334338773
GCA_030420685.1	51470	0.9352400334338773
GCA_017602325.1	51470	0.9352400334338773
GCA_031702765.1	51471	0.9352582040193335
GCA_963877355.1	51471	0.9352582040193335
GCA_036597855.1	51471	0.9352582040193335
GCA_051523635.1	51471	0.9352582040193335
GCA_030420925.1	51471	0.9352582040193335
GCA_048693315.1	51471	0.9352582040193335
GCA_030701125.1	51471	0.9352582040193335
GCA_036597395.1	51471	0.9352582040193335
GCA_032782285.1	51471	0.9352582040193335
GCA_002850455.1	51471	0.9352582040193335
GCA_015820785.1	51472	0.9352763746047897
GCA_021537675.1	51472	0.9352763746047897
GCA_022610795.1	51472	0.9352763746047897
GCA_051522815.1	51472	0.9352763746047897
GCA_030143935.1	51473	0.935294545190246
GCA_030701145.1	51473	0.935294545190246
GCA_048693295.1	51473	0.935294545190246
GCA_002278545.1	51473	0.935294545190246
GCA_002278535.1	51473	0.935294545190246
GCA_015818195.1	51473	0.935294545190246
GCA_963874725.1	51473	0.935294545190246
GCA_030420975.1	51473	0.935294545190246
GCA_052715625.1	51473	0.935294545190246
GCA_053835785.1	51474	0.9353127157757023
GCA_963882165.1	51474	0.9353127157757023
GCA_040240255.1	51474	0.9353127157757023
GCA_040240145.1	51474	0.9353127157757023
GCA_036597955.1	51474	0.9353127157757023
GCA_004214355.1	51474	0.9353127157757023
GCA_004215005.1	51475	0.9353308863611586
GCA_963881835.1	51475	0.9353308863611586
GCA_030701605.1	51475	0.9353308863611586
GCA_032049975.1	51475	0.9353308863611586
GCA_004215335.1	51475	0.9353308863611586
GCA_036597275.1	51475	0.9353308863611586
GCA_030144055.1	51475	0.9353308863611586
GCA_032048735.1	51475	0.9353308863611586
GCA_030421405.1	51475	0.9353308863611586
GCA_963880755.1	51475	0.9353308863611586
GCA_015767675.1	51476	0.9353490569466149
GCA_040239945.1	51476	0.9353490569466149
GCA_014905705.1	51476	0.9353490569466149
GCA_032335215.1	51476	0.9353490569466149
GCA_052959475.1	51476	0.9353490569466149
GCA_032975825.1	51476	0.9353490569466149
GCA_040240085.1	51476	0.9353490569466149
GCA_963882115.1	51477	0.935367227532071
GCA_020251865.1	51477	0.935367227532071
GCA_963895485.1	51477	0.935367227532071
GCA_963863955.1	51477	0.935367227532071
GCA_044536905.1	51477	0.935367227532071
GCA_001890485.1	51477	0.935367227532071
GCA_004214755.1	51477	0.935367227532071
GCA_000746665.1	51477	0.935367227532071
GCA_046532655.1	51477	0.935367227532071
GCA_030143945.1	51477	0.935367227532071
GCA_033630905.1	51477	0.935367227532071
GCA_963872065.1	51477	0.935367227532071
GCA_030703305.1	51478	0.9353853981175273
GCA_963881255.1	51478	0.9353853981175273
GCA_963877465.1	51478	0.9353853981175273
GCA_036765495.1	51478	0.9353853981175273
GCA_015821105.1	51478	0.9353853981175273
GCA_963881755.1	51478	0.9353853981175273
GCA_964276285.1	51478	0.9353853981175273
GCA_002903625.1	51478	0.9353853981175273
GCA_004214555.1	51478	0.9353853981175273
GCA_004214475.1	51478	0.9353853981175273
GCA_036596575.1	51478	0.9353853981175273
GCA_023352215.1	51478	0.9353853981175273
GCA_015821445.1	51478	0.9353853981175273
GCA_025654675.1	51478	0.9353853981175273
GCA_030419565.1	51478	0.9353853981175273
GCA_963897405.1	51479	0.9354035687029836
GCA_043696195.1	51479	0.9354035687029836
GCA_022019635.1	51479	0.9354035687029836
GCA_963896635.1	51479	0.9354035687029836
GCA_015787575.1	51479	0.9354035687029836
GCA_036450955.1	51479	0.9354035687029836
GCA_030143925.1	51479	0.9354035687029836
GCA_051523915.1	51479	0.9354035687029836
GCA_032050735.1	51479	0.9354035687029836
GCA_963882005.1	51479	0.9354035687029836
GCA_030704125.1	51479	0.9354035687029836
GCA_022376335.1	51479	0.9354035687029836
GCA_030420345.1	51479	0.9354035687029836
GCA_004214385.1	51479	0.9354035687029836
GCA_041647835.1	51479	0.9354035687029836
GCA_022289235.1	51479	0.9354035687029836
GCA_032050655.1	51480	0.9354217392884399
GCA_030421605.1	51480	0.9354217392884399
GCA_032048375.1	51480	0.9354217392884399
GCA_030421615.1	51480	0.9354217392884399
GCA_036596245.1	51480	0.9354217392884399
GCA_036598105.1	51480	0.9354217392884399
GCA_030421425.1	51480	0.9354217392884399
GCA_030701625.1	51480	0.9354217392884399
GCA_032049215.1	51480	0.9354217392884399
GCA_030701905.1	51480	0.9354217392884399
GCA_032047835.1	51480	0.9354217392884399
GCA_032047815.1	51480	0.9354217392884399
GCA_030701865.1	51480	0.9354217392884399
GCA_002278495.1	51481	0.9354399098738961
GCA_041445005.1	51481	0.9354399098738961
GCA_000959755.1	51481	0.9354399098738961
GCA_002278505.1	51481	0.9354399098738961
GCA_030420725.1	51481	0.9354399098738961
GCA_049886175.1	51481	0.9354399098738961
GCA_052824645.1	51481	0.9354399098738961
GCA_963866175.1	51481	0.9354399098738961
GCA_036596515.1	51481	0.9354399098738961
GCA_030143855.1	51481	0.9354399098738961
GCA_036598485.1	51481	0.9354399098738961
GCA_030421535.1	51481	0.9354399098738961
GCA_963875355.1	51481	0.9354399098738961
GCA_030701765.1	51481	0.9354399098738961
GCA_030700955.1	51481	0.9354399098738961
GCA_963874675.1	51482	0.9354580804593524
GCA_030421925.1	51482	0.9354580804593524
GCA_032048755.1	51482	0.9354580804593524
GCA_036596265.1	51482	0.9354580804593524
GCA_025654535.1	51482	0.9354580804593524
GCA_030702115.1	51482	0.9354580804593524
GCA_002278445.1	51482	0.9354580804593524
GCA_022611995.1	51482	0.9354580804593524
GCA_964276345.1	51482	0.9354580804593524
GCA_044525585.1	51483	0.9354762510448087
GCA_036598685.1	51483	0.9354762510448087
GCA_036597055.1	51483	0.9354762510448087
GCA_051221425.1	51483	0.9354762510448087
GCA_030703325.1	51483	0.9354762510448087
GCA_029334775.1	51483	0.9354762510448087
GCA_030421725.1	51483	0.9354762510448087
GCA_030419585.1	51483	0.9354762510448087
GCA_015776755.1	51483	0.9354762510448087
GCA_033630725.1	51483	0.9354762510448087
GCA_025659265.1	51483	0.9354762510448087
GCA_036596635.1	51483	0.9354762510448087
GCA_025660005.1	51483	0.9354762510448087
GCA_043695595.1	51483	0.9354762510448087
GCA_030701925.1	51483	0.9354762510448087
GCA_030420485.1	51484	0.935494421630265
GCA_030420465.1	51484	0.935494421630265
GCA_025654595.1	51484	0.935494421630265
GCA_032754335.1	51484	0.935494421630265
GCA_033631005.1	51484	0.935494421630265
GCA_030143985.1	51484	0.935494421630265
GCA_052824385.1	51484	0.935494421630265
GCA_036596835.1	51484	0.935494421630265
GCA_052823865.1	51484	0.935494421630265
GCA_021764285.1	51484	0.935494421630265
GCA_032997005.1	51484	0.935494421630265
GCA_022289285.1	51484	0.935494421630265
GCA_964276275.1	51484	0.935494421630265
GCA_963898335.1	51484	0.935494421630265
GCA_030700625.1	51484	0.935494421630265
GCA_030700685.1	51484	0.935494421630265
GCA_022948875.1	51484	0.935494421630265
GCA_036598625.1	51485	0.9355125922157213
GCA_030702955.1	51485	0.9355125922157213
GCA_052581735.1	51485	0.9355125922157213
GCA_030419185.1	51485	0.9355125922157213
GCA_052823725.1	51485	0.9355125922157213
GCA_015776695.1	51485	0.9355125922157213
GCA_015777095.1	51485	0.9355125922157213
GCA_052827925.1	51485	0.9355125922157213
GCA_025659085.1	51485	0.9355125922157213
GCA_025659105.1	51486	0.9355307628011774
GCA_030703275.1	51486	0.9355307628011774
GCA_017604045.1	51486	0.9355307628011774
GCA_032050275.1	51486	0.9355307628011774
GCA_051523075.1	51486	0.9355307628011774
GCA_017602045.1	51486	0.9355307628011774
GCA_025659315.1	51486	0.9355307628011774
GCA_015776275.1	51486	0.9355307628011774
GCA_030419525.1	51486	0.9355307628011774
GCA_030419365.1	51487	0.9355489333866337
GCA_053645925.1	51487	0.9355489333866337
GCA_963896285.1	51487	0.9355489333866337
GCA_015789275.1	51487	0.9355489333866337
GCA_000959835.1	51487	0.9355489333866337
GCA_020252085.1	51487	0.9355489333866337
GCA_024487945.1	51487	0.9355489333866337
GCA_030421485.1	51487	0.9355489333866337
GCA_014905715.1	51487	0.9355489333866337
GCA_030702245.1	51487	0.9355489333866337
GCA_963866705.1	51487	0.9355489333866337
GCA_032050815.1	51487	0.9355489333866337
GCA_030422005.1	51487	0.9355489333866337
GCA_030701705.1	51487	0.9355489333866337
GCA_030703125.1	51487	0.9355489333866337
GCA_052824685.1	51487	0.9355489333866337
GCA_017834775.1	51488	0.93556710397209
GCA_024865985.1	51488	0.93556710397209
GCA_030702285.1	51488	0.93556710397209
GCA_002903205.1	51488	0.93556710397209
GCA_025659215.1	51488	0.93556710397209
GCA_030422045.1	51488	0.93556710397209
GCA_963881215.1	51488	0.93556710397209
GCA_004214565.1	51488	0.93556710397209
GCA_022636735.1	51488	0.93556710397209
GCA_963870485.1	51489	0.9355852745575463
GCA_052824845.1	51489	0.9355852745575463
GCA_019727495.1	51489	0.9355852745575463
GCA_033631445.1	51489	0.9355852745575463
GCA_963896295.1	51489	0.9355852745575463
GCA_004215325.1	51489	0.9355852745575463
GCA_012275045.1	51489	0.9355852745575463
GCA_020252045.1	51489	0.9355852745575463
GCA_963888055.1	51489	0.9355852745575463
GCA_963877685.1	51489	0.9355852745575463
GCA_963874035.1	51489	0.9355852745575463
GCA_033760475.1	51489	0.9355852745575463
GCA_002150885.1	51489	0.9355852745575463
GCA_001471415.2	51489	0.9355852745575463
GCA_963882035.1	51489	0.9355852745575463
GCA_963885565.1	51490	0.9356034451430025
GCA_040240235.1	51490	0.9356034451430025
GCA_051523595.1	51490	0.9356034451430025
GCA_052824925.1	51490	0.9356034451430025
GCA_022378155.1	51490	0.9356034451430025
GCA_009764095.1	51490	0.9356034451430025
GCA_032287925.1	51490	0.9356034451430025
GCA_052824905.1	51490	0.9356034451430025
GCA_051592285.1	51491	0.9356216157284588
GCA_963866315.1	51491	0.9356216157284588
GCA_022289505.1	51491	0.9356216157284588
GCA_036597695.1	51491	0.9356216157284588
GCA_031702925.1	51491	0.9356216157284588
GCA_053304035.1	51491	0.9356216157284588
GCA_030701285.1	51491	0.9356216157284588
GCA_030701055.1	51491	0.9356216157284588
GCA_025659975.1	51491	0.9356216157284588
GCA_036596595.1	51491	0.9356216157284588
GCA_000959845.1	51491	0.9356216157284588
GCA_025660055.1	51491	0.9356216157284588
GCA_004215215.1	51491	0.9356216157284588
GCA_963881395.1	51491	0.9356216157284588
GCA_030420845.1	51491	0.9356216157284588
GCA_030421085.1	51491	0.9356216157284588
GCA_963897635.1	51491	0.9356216157284588
GCA_030420625.1	51492	0.935639786313915
GCA_015960315.1	51492	0.935639786313915
GCA_963866645.1	51492	0.935639786313915
GCA_032047315.1	51492	0.935639786313915
GCA_032049435.1	51492	0.935639786313915
GCA_000959775.1	51492	0.935639786313915
GCA_020251945.1	51492	0.935639786313915
GCA_032047495.1	51492	0.935639786313915
GCA_030700845.1	51492	0.935639786313915
GCA_032049475.1	51492	0.935639786313915
GCA_018080805.1	51492	0.935639786313915
GCA_019438685.1	51492	0.935639786313915
GCA_963895375.1	51492	0.935639786313915
GCA_044525485.1	51492	0.935639786313915
GCA_023079745.1	51492	0.935639786313915
GCA_033630545.1	51492	0.935639786313915
GCA_020045845.1	51493	0.9356579568993713
GCA_024745695.1	51493	0.9356579568993713
GCA_015821305.1	51493	0.9356579568993713
GCA_044536765.1	51493	0.9356579568993713
GCA_032050855.1	51493	0.9356579568993713
GCA_002903395.1	51494	0.9356761274848275
GCA_031906445.1	51494	0.9356761274848275
GCA_025654825.1	51494	0.9356761274848275
GCA_051592345.1	51494	0.9356761274848275
GCA_051523115.1	51494	0.9356761274848275
GCA_013369375.1	51494	0.9356761274848275
GCA_030702485.1	51494	0.9356761274848275
GCA_030144115.1	51494	0.9356761274848275
GCA_963877725.1	51494	0.9356761274848275
GCA_025655035.1	51494	0.9356761274848275
GCA_036925695.1	51494	0.9356761274848275
GCA_041142865.1	51494	0.9356761274848275
GCA_030422245.1	51494	0.9356761274848275
GCA_963889325.1	51494	0.9356761274848275
GCA_033630925.1	51495	0.9356942980702838
GCA_025659695.1	51495	0.9356942980702838
GCA_015843755.1	51495	0.9356942980702838
GCA_017601985.1	51495	0.9356942980702838
GCA_032050635.1	51495	0.9356942980702838
GCA_044525535.1	51495	0.9356942980702838
GCA_043697815.1	51495	0.9356942980702838
GCA_015820645.1	51495	0.9356942980702838
GCA_002215135.1	51496	0.9357124686557401
GCA_963874905.1	51496	0.9357124686557401
GCA_030420375.1	51496	0.9357124686557401
GCA_033630825.1	51496	0.9357124686557401
GCA_963878155.1	51496	0.9357124686557401
GCA_032050595.1	51496	0.9357124686557401
GCA_030144125.1	51496	0.9357124686557401
GCA_003072005.1	51496	0.9357124686557401
GCA_963901245.1	51496	0.9357124686557401
GCA_036597375.1	51496	0.9357124686557401
GCA_019563295.1	51496	0.9357124686557401
GCA_900460515.1	51496	0.9357124686557401
GCA_047706585.1	51496	0.9357124686557401
GCA_051592325.1	51496	0.9357124686557401
GCA_030704165.1	51496	0.9357124686557401
GCA_019438605.1	51496	0.9357124686557401
GCA_030701885.1	51497	0.9357306392411964
GCA_015786955.1	51497	0.9357306392411964
GCA_030421685.1	51497	0.9357306392411964
GCA_044536785.1	51497	0.9357306392411964
GCA_043696815.1	51497	0.9357306392411964
GCA_036597175.1	51497	0.9357306392411964
GCA_051523715.1	51497	0.9357306392411964
GCA_036449875.1	51497	0.9357306392411964
GCA_036598545.1	51498	0.9357488098266526
GCA_025654815.1	51498	0.9357488098266526
GCA_025655255.1	51498	0.9357488098266526
GCA_036983655.1	51498	0.9357488098266526
GCA_030701325.1	51498	0.9357488098266526
GCA_963897685.1	51498	0.9357488098266526
GCA_022289315.1	51498	0.9357488098266526
GCA_030421145.1	51498	0.9357488098266526
GCA_032049585.1	51499	0.9357669804121089
GCA_964276355.1	51499	0.9357669804121089
GCA_036983705.1	51499	0.9357669804121089
GCA_052824805.1	51499	0.9357669804121089
GCA_051523975.1	51499	0.9357669804121089
GCA_030144205.1	51499	0.9357669804121089
GCA_015777765.1	51499	0.9357669804121089
GCA_019438045.1	51499	0.9357669804121089
GCA_023355975.1	51499	0.9357669804121089
GCA_039834115.1	51499	0.9357669804121089
GCA_032049415.1	51499	0.9357669804121089
GCA_963881345.1	51500	0.9357851509975651
GCA_052992945.1	51500	0.9357851509975651
GCA_002073135.1	51500	0.9357851509975651
GCA_015776255.1	51500	0.9357851509975651
GCA_044094785.1	51500	0.9357851509975651
GCA_963872235.1	51500	0.9357851509975651
GCA_004215255.1	51500	0.9357851509975651
GCA_028358435.1	51500	0.9357851509975651
GCA_015821205.1	51501	0.9358033215830214
GCA_037063725.1	51501	0.9358033215830214
GCA_036765535.1	51501	0.9358033215830214
GCA_051523695.1	51501	0.9358033215830214
GCA_044094755.1	51501	0.9358033215830214
GCA_043696875.1	51501	0.9358033215830214
GCA_036596395.1	51501	0.9358033215830214
GCA_036598885.1	51502	0.9358214921684777
GCA_964276305.1	51502	0.9358214921684777
GCA_036598945.1	51502	0.9358214921684777
GCA_053682995.1	51502	0.9358214921684777
GCA_036598035.1	51502	0.9358214921684777
GCA_036450095.1	51502	0.9358214921684777
GCA_964276265.1	51502	0.9358214921684777
GCA_044613255.1	51502	0.9358214921684777
GCA_020252155.1	51502	0.9358214921684777
GCA_019332745.1	51502	0.9358214921684777
GCA_963896205.1	51502	0.9358214921684777
GCA_051522995.1	51503	0.9358396627539339
GCA_017604155.1	51503	0.9358396627539339
GCA_033631345.1	51503	0.9358396627539339
GCA_025870745.1	51503	0.9358396627539339
GCA_033630625.1	51503	0.9358396627539339
GCA_015820705.1	51503	0.9358396627539339
GCA_015820905.1	51503	0.9358396627539339
GCA_044525605.1	51503	0.9358396627539339
GCA_044669145.1	51503	0.9358396627539339
GCA_051522695.1	51504	0.9358578333393902
GCA_044612155.1	51504	0.9358578333393902
GCA_032047955.1	51504	0.9358578333393902
GCA_041019545.1	51504	0.9358578333393902
GCA_053108755.1	51504	0.9358578333393902
GCA_052824585.1	51504	0.9358578333393902
GCA_037402835.1	51504	0.9358578333393902
GCA_032048035.1	51504	0.9358578333393902
GCA_036597895.1	51504	0.9358578333393902
GCA_041445245.1	51504	0.9358578333393902
GCA_044537005.1	51504	0.9358578333393902
GCA_033630685.1	51504	0.9358578333393902
GCA_015776415.1	51505	0.9358760039248465
GCA_030420105.1	51505	0.9358760039248465
GCA_030422065.1	51505	0.9358760039248465
GCA_051971885.1	51505	0.9358760039248465
GCA_016109635.1	51505	0.9358760039248465
GCA_030703845.1	51505	0.9358760039248465
GCA_020252245.1	51505	0.9358760039248465
GCA_025654625.1	51505	0.9358760039248465
GCA_030702255.1	51505	0.9358760039248465
GCA_020252065.1	51505	0.9358760039248465
GCA_032047855.1	51505	0.9358760039248465
GCA_963894575.1	51505	0.9358760039248465
GCA_015821945.1	51505	0.9358760039248465
GCA_963894325.1	51505	0.9358760039248465
GCA_049162585.1	51505	0.9358760039248465
GCA_015777635.1	51506	0.9358941745103028
GCA_032048715.1	51506	0.9358941745103028
GCA_032048635.1	51506	0.9358941745103028
GCA_030700985.1	51506	0.9358941745103028
GCA_030420805.1	51506	0.9358941745103028
GCA_041437215.1	51506	0.9358941745103028
GCA_040240205.1	51506	0.9358941745103028
GCA_030421885.1	51507	0.9359123450957589
GCA_044096775.1	51507	0.9359123450957589
GCA_032048075.1	51507	0.9359123450957589
GCA_025659615.1	51507	0.9359123450957589
GCA_963882255.1	51507	0.9359123450957589
GCA_047714135.1	51507	0.9359123450957589
GCA_030702085.1	51507	0.9359123450957589
GCA_004215105.1	51507	0.9359123450957589
GCA_964276245.1	51507	0.9359123450957589
GCA_030703315.1	51508	0.9359305156812152
GCA_030419545.1	51508	0.9359305156812152
GCA_032048515.1	51508	0.9359305156812152
GCA_030701555.1	51508	0.9359305156812152
GCA_030421365.1	51508	0.9359305156812152
GCA_025659475.1	51508	0.9359305156812152
GCA_015819885.1	51508	0.9359305156812152
GCA_025870685.1	51508	0.9359305156812152
GCA_044537305.1	51508	0.9359305156812152
GCA_032050295.1	51508	0.9359305156812152
GCA_025654715.1	51508	0.9359305156812152
GCA_025660195.1	51508	0.9359305156812152
GCA_051523675.1	51509	0.9359486862666715
GCA_053682835.1	51509	0.9359486862666715
GCA_029990625.1	51509	0.9359486862666715
GCA_030144105.1	51509	0.9359486862666715
GCA_025228455.1	51509	0.9359486862666715
GCA_030144215.1	51509	0.9359486862666715
GCA_036765615.1	51510	0.9359668568521278
GCA_037064235.1	51510	0.9359668568521278
GCA_015821065.1	51510	0.9359668568521278
GCA_017109405.1	51510	0.9359668568521278
GCA_015838335.1	51511	0.935985027437584
GCA_033021395.1	51511	0.935985027437584
GCA_029001545.1	51511	0.935985027437584
GCA_030144185.1	51511	0.935985027437584
GCA_044610895.1	51511	0.935985027437584
GCA_040875245.1	51511	0.935985027437584
GCA_030702605.1	51511	0.935985027437584
GCA_030422385.1	51511	0.935985027437584
GCA_052715505.1	51511	0.935985027437584
GCA_963897645.1	51511	0.935985027437584
GCA_032047435.1	51511	0.935985027437584
GCA_022289575.1	51511	0.935985027437584
GCA_053155795.1	51512	0.9360031980230403
GCA_024230015.1	51512	0.9360031980230403
GCA_044611265.1	51512	0.9360031980230403
GCA_015787615.1	51512	0.9360031980230403
GCA_015776555.1	51512	0.9360031980230403
GCA_052295935.1	51512	0.9360031980230403
GCA_051976575.1	51512	0.9360031980230403
GCA_022019615.1	51512	0.9360031980230403
GCA_047704205.1	51512	0.9360031980230403
GCA_053677875.1	51512	0.9360031980230403
GCA_045699035.1	51513	0.9360213686084966
GCA_032048535.1	51513	0.9360213686084966
GCA_043695785.1	51513	0.9360213686084966
GCA_963895455.1	51513	0.9360213686084966
GCA_032047375.1	51513	0.9360213686084966
GCA_020252165.1	51513	0.9360213686084966
GCA_043698805.1	51513	0.9360213686084966
GCA_015776345.1	51513	0.9360213686084966
GCA_032049855.1	51513	0.9360213686084966
GCA_963881445.1	51514	0.9360395391939529
GCA_963870515.1	51514	0.9360395391939529
GCA_036596765.1	51514	0.9360395391939529
GCA_001471465.2	51514	0.9360395391939529
GCA_025659625.1	51514	0.9360395391939529
GCA_963871895.1	51514	0.9360395391939529
GCA_004215035.1	51514	0.9360395391939529
GCA_002073105.1	51514	0.9360395391939529
GCA_015776435.1	51514	0.9360395391939529
GCA_022611515.1	51514	0.9360395391939529
GCA_044093835.1	51514	0.9360395391939529
GCA_051976115.1	51514	0.9360395391939529
GCA_053157535.1	51514	0.9360395391939529
GCA_037124045.1	51515	0.936057709779409
GCA_015776595.1	51515	0.936057709779409
GCA_051522715.1	51515	0.936057709779409
GCA_032324115.1	51515	0.936057709779409
GCA_032754395.1	51515	0.936057709779409
GCA_052707165.1	51515	0.936057709779409
GCA_054104645.1	51515	0.936057709779409
GCA_021716755.1	51516	0.9360758803648653
GCA_048693255.1	51516	0.9360758803648653
GCA_051522795.1	51516	0.9360758803648653
GCA_025655435.1	51516	0.9360758803648653
GCA_052824625.1	51516	0.9360758803648653
GCA_015778945.1	51516	0.9360758803648653
GCA_015789075.1	51516	0.9360758803648653
GCA_052823545.1	51516	0.9360758803648653
GCA_025655355.1	51517	0.9360940509503216
GCA_025658945.1	51517	0.9360940509503216
GCA_051522775.1	51517	0.9360940509503216
GCA_019564375.1	51517	0.9360940509503216
GCA_015820365.1	51517	0.9360940509503216
GCA_025659775.1	51517	0.9360940509503216
GCA_015968575.1	51517	0.9360940509503216
GCA_030420865.1	51518	0.9361122215357779
GCA_030701045.1	51518	0.9361122215357779
GCA_963877605.1	51518	0.9361122215357779
GCA_020502965.1	51518	0.9361122215357779
GCA_043697235.1	51518	0.9361122215357779
GCA_025659095.1	51518	0.9361122215357779
GCA_032049535.1	51518	0.9361122215357779
GCA_002903325.1	51518	0.9361122215357779
GCA_015778665.1	51518	0.9361122215357779
GCA_004319645.1	51518	0.9361122215357779
GCA_032048435.1	51518	0.9361122215357779
GCA_963881925.1	51518	0.9361122215357779
GCA_022881795.1	51518	0.9361122215357779
GCA_025659905.1	51519	0.9361303921212342
GCA_037064135.1	51519	0.9361303921212342
GCA_017659135.1	51519	0.9361303921212342
GCA_963881805.1	51519	0.9361303921212342
GCA_015777525.1	51519	0.9361303921212342
GCA_025659455.1	51519	0.9361303921212342
GCA_004214655.1	51519	0.9361303921212342
GCA_004214715.1	51520	0.9361485627066904
GCA_015821825.1	51520	0.9361485627066904
GCA_036597075.1	51520	0.9361485627066904
GCA_042715045.1	51520	0.9361485627066904
GCA_043695495.1	51520	0.9361485627066904
GCA_032050425.1	51520	0.9361485627066904
GCA_020967615.1	51520	0.9361485627066904
GCA_025659795.1	51520	0.9361485627066904
GCA_032050075.1	51520	0.9361485627066904
GCA_025660235.1	51520	0.9361485627066904
GCA_042166275.1	51520	0.9361485627066904
GCA_036596895.1	51520	0.9361485627066904
GCA_051640145.1	51520	0.9361485627066904
GCA_963881045.1	51520	0.9361485627066904
GCA_053682075.1	51521	0.9361667332921466
GCA_032996905.1	51521	0.9361667332921466
GCA_015820385.1	51521	0.9361667332921466
GCA_036597915.1	51521	0.9361667332921466
GCA_031593475.1	51521	0.9361667332921466
GCA_015968795.1	51521	0.9361667332921466
GCA_019846775.1	51522	0.9361849038776029
GCA_052916765.1	51522	0.9361849038776029
GCA_019442645.1	51522	0.9361849038776029
GCA_051523955.1	51522	0.9361849038776029
GCA_032048695.1	51522	0.9361849038776029
GCA_022636615.1	51522	0.9361849038776029
GCA_018080945.1	51522	0.9361849038776029
GCA_030420425.1	51522	0.9361849038776029
GCA_963896515.1	51522	0.9361849038776029
GCA_030704185.1	51522	0.9361849038776029
GCA_030144155.1	51522	0.9361849038776029
GCA_033630705.1	51522	0.9361849038776029
GCA_025654905.1	51522	0.9361849038776029
GCA_051522755.1	51522	0.9361849038776029
GCA_030703885.1	51523	0.9362030744630592
GCA_963896315.1	51523	0.9362030744630592
GCA_025655395.1	51523	0.9362030744630592
GCA_047948475.1	51523	0.9362030744630592
GCA_963886685.1	51523	0.9362030744630592
GCA_020252105.1	51523	0.9362030744630592
GCA_030420165.1	51523	0.9362030744630592
GCA_019290555.1	51523	0.9362030744630592
GCA_052715825.1	51523	0.9362030744630592
GCA_009665475.1	51523	0.9362030744630592
GCA_036928205.1	51524	0.9362212450485154
GCA_032048155.1	51524	0.9362212450485154
GCA_025660215.1	51524	0.9362212450485154
GCA_963872195.1	51524	0.9362212450485154
GCA_017602265.1	51524	0.9362212450485154
GCA_016109805.1	51524	0.9362212450485154
GCA_019846755.1	51524	0.9362212450485154
GCA_013369285.1	51524	0.9362212450485154
GCA_001890545.1	51524	0.9362212450485154
GCA_963894645.1	51524	0.9362212450485154
GCA_036424135.1	51524	0.9362212450485154
GCA_024216435.1	51524	0.9362212450485154
GCA_052824265.1	51525	0.9362394156339717
GCA_014211935.1	51525	0.9362394156339717
GCA_051522955.1	51525	0.9362394156339717
GCA_030701825.1	51525	0.9362394156339717
GCA_044524465.1	51525	0.9362394156339717
GCA_015783695.1	51525	0.9362394156339717
GCA_044581865.1	51525	0.9362394156339717
GCA_051522725.1	51525	0.9362394156339717
GCA_036984045.1	51525	0.9362394156339717
GCA_036968175.1	51525	0.9362394156339717
GCA_030421515.1	51525	0.9362394156339717
GCA_032048135.1	51526	0.936257586219428
GCA_026266735.1	51526	0.936257586219428
GCA_025659185.1	51526	0.936257586219428
GCA_015820445.1	51526	0.936257586219428
GCA_015820605.1	51526	0.936257586219428
GCA_031439265.1	51526	0.936257586219428
GCA_020252145.1	51526	0.936257586219428
GCA_032050115.1	51526	0.936257586219428
GCA_053898665.1	51526	0.936257586219428
GCA_963896335.1	51526	0.936257586219428
GCA_033630475.1	51526	0.936257586219428
GCA_015819905.1	51526	0.936257586219428
GCA_015777195.1	51526	0.936257586219428
GCA_019332655.1	51527	0.9362757568048843
GCA_036597095.1	51527	0.9362757568048843
GCA_037057285.1	51527	0.9362757568048843
GCA_032688025.1	51527	0.9362757568048843
GCA_051979035.1	51527	0.9362757568048843
GCA_020006725.1	51527	0.9362757568048843
GCA_025654945.1	51527	0.9362757568048843
GCA_028358175.1	51527	0.9362757568048843
GCA_033630605.1	51527	0.9362757568048843
GCA_052827965.1	51527	0.9362757568048843
GCA_041344195.1	51527	0.9362757568048843
GCA_042601155.1	51527	0.9362757568048843
GCA_031906725.1	51527	0.9362757568048843
GCA_025660035.1	51527	0.9362757568048843
GCA_002892625.1	51527	0.9362757568048843
GCA_025660135.1	51528	0.9362939273903406
GCA_025659815.1	51528	0.9362939273903406
GCA_032050475.1	51528	0.9362939273903406
GCA_036450935.1	51528	0.9362939273903406
GCA_015777385.1	51528	0.9362939273903406
GCA_025655335.1	51528	0.9362939273903406
GCA_015789055.1	51528	0.9362939273903406
GCA_031959935.1	51528	0.9362939273903406
GCA_052828005.1	51528	0.9362939273903406
GCA_030703655.1	51528	0.9362939273903406
GCA_030419935.1	51528	0.9362939273903406
GCA_036598185.1	51528	0.9362939273903406
GCA_020343795.1	51528	0.9362939273903406
GCA_963877635.1	51528	0.9362939273903406
GCA_015960165.1	51529	0.9363120979757968
GCA_004214375.1	51529	0.9363120979757968
GCA_019682775.1	51529	0.9363120979757968
GCA_047306825.1	51529	0.9363120979757968
GCA_020045825.1	51529	0.9363120979757968
GCA_963882175.1	51529	0.9363120979757968
GCA_015820625.1	51529	0.9363120979757968
GCA_026265535.1	51529	0.9363120979757968
GCA_051465785.1	51529	0.9363120979757968
GCA_014905675.1	51530	0.936330268561253
GCA_035887435.1	51530	0.936330268561253
GCA_019774315.1	51530	0.936330268561253
GCA_031609395.1	51530	0.936330268561253
GCA_015787535.1	51530	0.936330268561253
GCA_025659935.1	51530	0.936330268561253
GCA_032820255.1	51530	0.936330268561253
GCA_015821145.1	51531	0.9363484391467093
GCA_015799855.1	51531	0.9363484391467093
GCA_046227815.1	51531	0.9363484391467093
GCA_036983575.1	51531	0.9363484391467093
GCA_015821185.1	51531	0.9363484391467093
GCA_025659555.1	51532	0.9363666097321656
GCA_039834175.1	51532	0.9363666097321656
GCA_044736965.1	51532	0.9363666097321656
GCA_037937235.1	51532	0.9363666097321656
GCA_043696355.1	51532	0.9363666097321656
GCA_030143875.1	51532	0.9363666097321656
GCA_036987615.1	51532	0.9363666097321656
GCA_015776975.1	51532	0.9363666097321656
GCA_041445065.1	51532	0.9363666097321656
GCA_036596875.1	51532	0.9363666097321656
GCA_020260045.1	51532	0.9363666097321656
GCA_032820075.1	51532	0.9363666097321656
GCA_025654615.1	51532	0.9363666097321656
GCA_963895725.1	51533	0.9363847803176218
GCA_015838295.1	51533	0.9363847803176218
GCA_036596915.1	51533	0.9363847803176218
GCA_033630635.1	51533	0.9363847803176218
GCA_019290875.1	51533	0.9363847803176218
GCA_015787215.1	51533	0.9363847803176218
GCA_020251965.1	51533	0.9363847803176218
GCA_031936265.1	51533	0.9363847803176218
GCA_032178735.1	51533	0.9363847803176218
GCA_052000175.1	51533	0.9363847803176218
GCA_030144245.1	51533	0.9363847803176218
GCA_037124105.1	51533	0.9363847803176218
GCA_052228095.1	51533	0.9363847803176218
GCA_030702395.1	51534	0.9364029509030781
GCA_041268045.1	51534	0.9364029509030781
GCA_015819585.1	51534	0.9364029509030781
GCA_033630845.1	51534	0.9364029509030781
GCA_963871545.1	51534	0.9364029509030781
GCA_018080925.1	51534	0.9364029509030781
GCA_001890565.1	51534	0.9364029509030781
GCA_030422185.1	51534	0.9364029509030781
GCA_037063545.1	51534	0.9364029509030781
GCA_032048955.1	51535	0.9364211214885344
GCA_032049615.1	51535	0.9364211214885344
GCA_032047615.1	51535	0.9364211214885344
GCA_032782145.1	51535	0.9364211214885344
GCA_015819785.1	51535	0.9364211214885344
GCA_015819805.1	51535	0.9364211214885344
GCA_043697415.1	51535	0.9364211214885344
GCA_039956515.1	51535	0.9364211214885344
GCA_021703755.1	51535	0.9364211214885344
GCA_030703145.1	51536	0.9364392920739906
GCA_031702965.1	51536	0.9364392920739906
GCA_031702945.1	51536	0.9364392920739906
GCA_032050715.1	51536	0.9364392920739906
GCA_004214495.1	51536	0.9364392920739906
GCA_015777465.1	51536	0.9364392920739906
GCA_036598835.1	51536	0.9364392920739906
GCA_052035545.1	51536	0.9364392920739906
GCA_016109745.1	51536	0.9364392920739906
GCA_032048575.1	51536	0.9364392920739906
GCA_030419445.1	51536	0.9364392920739906
GCA_963881745.1	51536	0.9364392920739906
GCA_031438265.1	51537	0.9364574626594468
GCA_032975845.1	51537	0.9364574626594468
GCA_032050605.1	51537	0.9364574626594468
GCA_025655175.1	51537	0.9364574626594468
GCA_037057255.1	51537	0.9364574626594468
GCA_015776335.1	51537	0.9364574626594468
GCA_047948425.1	51537	0.9364574626594468
GCA_052715845.1	51537	0.9364574626594468
GCA_033760655.1	51537	0.9364574626594468
GCA_015820525.1	51537	0.9364574626594468
GCA_002903725.1	51538	0.9364756332449031
GCA_015787305.1	51538	0.9364756332449031
GCA_036597105.1	51538	0.9364756332449031
GCA_036765595.1	51538	0.9364756332449031
GCA_044564145.1	51538	0.9364756332449031
GCA_963877905.1	51538	0.9364756332449031
GCA_032049755.1	51538	0.9364756332449031
GCA_002903415.1	51538	0.9364756332449031
GCA_015968495.1	51538	0.9364756332449031
GCA_015960285.1	51538	0.9364756332449031
GCA_033631365.1	51539	0.9364938038303594
GCA_024618085.1	51539	0.9364938038303594
GCA_041444985.1	51539	0.9364938038303594
GCA_048693235.1	51539	0.9364938038303594
GCA_043697795.1	51539	0.9364938038303594
GCA_015843725.1	51539	0.9364938038303594
GCA_026278445.1	51539	0.9364938038303594
GCA_053632035.1	51539	0.9364938038303594
GCA_036984065.1	51540	0.9365119744158157
GCA_025655115.1	51540	0.9365119744158157
GCA_035883635.1	51540	0.9365119744158157
GCA_036926745.1	51540	0.9365119744158157
GCA_043696515.1	51540	0.9365119744158157
GCA_032340995.1	51540	0.9365119744158157
GCA_002891805.1	51540	0.9365119744158157
GCA_963877695.1	51540	0.9365119744158157
GCA_031668355.1	51540	0.9365119744158157
GCA_030421705.1	51541	0.936530145001272
GCA_049074945.1	51541	0.936530145001272
GCA_025655075.1	51541	0.936530145001272
GCA_025655135.1	51541	0.936530145001272
GCA_030701895.1	51541	0.936530145001272
GCA_044613755.1	51541	0.936530145001272
GCA_036596735.1	51541	0.936530145001272
GCA_037064075.1	51541	0.936530145001272
GCA_033760635.1	51541	0.936530145001272
GCA_963869455.1	51541	0.936530145001272
GCA_033760675.1	51541	0.936530145001272
GCA_001558515.2	51541	0.936530145001272
GCA_031960645.1	51542	0.9365483155867282
GCA_053157315.1	51542	0.9365483155867282
GCA_022583395.1	51542	0.9365483155867282
GCA_963889275.1	51542	0.9365483155867282
GCA_032048235.1	51542	0.9365483155867282
GCA_013369015.1	51542	0.9365483155867282
GCA_025660295.1	51542	0.9365483155867282
GCA_032050195.1	51542	0.9365483155867282
GCA_032788285.1	51543	0.9365664861721845
GCA_019764335.1	51543	0.9365664861721845
GCA_020010465.1	51543	0.9365664861721845
GCA_030421635.1	51543	0.9365664861721845
GCA_025659485.1	51543	0.9365664861721845
GCA_051876605.1	51543	0.9365664861721845
GCA_015783875.1	51543	0.9365664861721845
GCA_030701835.1	51543	0.9365664861721845
GCA_032049135.1	51543	0.9365664861721845
GCA_030144265.1	51543	0.9365664861721845
GCA_032049195.1	51544	0.9365846567576407
GCA_004214575.1	51544	0.9365846567576407
GCA_032050515.1	51544	0.9365846567576407
GCA_014525285.1	51544	0.9365846567576407
GCA_032050095.1	51544	0.9365846567576407
GCA_036597835.1	51544	0.9365846567576407
GCA_032047895.1	51544	0.9365846567576407
GCA_963881405.1	51544	0.9365846567576407
GCA_032050575.1	51544	0.9365846567576407
GCA_048693515.1	51544	0.9365846567576407
GCA_019726615.1	51544	0.9365846567576407
GCA_022612015.1	51545	0.936602827343097
GCA_032047455.1	51545	0.936602827343097
GCA_024889215.1	51545	0.936602827343097
GCA_052824765.1	51545	0.936602827343097
GCA_016109725.1	51545	0.936602827343097
GCA_015787415.1	51545	0.936602827343097
GCA_032048455.1	51545	0.936602827343097
GCA_047706275.1	51545	0.936602827343097
GCA_036925615.1	51545	0.936602827343097
GCA_009758215.1	51546	0.9366209979285532
GCA_044093755.1	51546	0.9366209979285532
GCA_053079845.1	51546	0.9366209979285532
GCA_963885885.1	51546	0.9366209979285532
GCA_015777015.1	51546	0.9366209979285532
GCA_015709065.1	51547	0.9366391685140095
GCA_025654605.1	51547	0.9366391685140095
GCA_964276325.1	51547	0.9366391685140095
GCA_031899145.1	51547	0.9366391685140095
GCA_031049995.1	51547	0.9366391685140095
GCA_033631285.1	51547	0.9366391685140095
GCA_017602005.1	51547	0.9366391685140095
GCA_042166335.1	51547	0.9366391685140095
GCA_032050555.1	51547	0.9366391685140095
GCA_025659995.1	51548	0.9366573390994658
GCA_025659255.1	51548	0.9366573390994658
GCA_019220875.1	51548	0.9366573390994658
GCA_053687775.1	51548	0.9366573390994658
GCA_015821745.1	51548	0.9366573390994658
GCA_025659075.1	51548	0.9366573390994658
GCA_031031685.1	51548	0.9366573390994658
GCA_037063285.1	51548	0.9366573390994658
GCA_036597535.1	51548	0.9366573390994658
GCA_050930355.1	51549	0.9366755096849221
GCA_019291115.1	51549	0.9366755096849221
GCA_047704335.1	51549	0.9366755096849221
GCA_053682255.1	51549	0.9366755096849221
GCA_024697235.1	51549	0.9366755096849221
GCA_036983635.1	51549	0.9366755096849221
GCA_035883735.1	51549	0.9366755096849221
GCA_043899065.1	51549	0.9366755096849221
GCA_031163625.2	51549	0.9366755096849221
GCA_964276255.1	51549	0.9366755096849221
GCA_053279065.1	51549	0.9366755096849221
GCA_025659875.1	51549	0.9366755096849221
GCA_963880935.1	51550	0.9366936802703784
GCA_051523235.1	51550	0.9366936802703784
GCA_030144255.1	51550	0.9366936802703784
GCA_025659325.1	51550	0.9366936802703784
GCA_036598165.1	51550	0.9366936802703784
GCA_004215225.1	51550	0.9366936802703784
GCA_030702705.1	51550	0.9366936802703784
GCA_015776735.1	51550	0.9366936802703784
GCA_030422485.1	51550	0.9366936802703784
GCA_037937255.1	51550	0.9366936802703784
GCA_025654745.1	51550	0.9366936802703784
GCA_015820425.1	51551	0.9367118508558345
GCA_032778265.1	51551	0.9367118508558345
GCA_044525565.1	51551	0.9367118508558345
GCA_963897485.1	51551	0.9367118508558345
GCA_036597495.1	51551	0.9367118508558345
GCA_025660115.1	51551	0.9367118508558345
GCA_021537015.1	51551	0.9367118508558345
GCA_032047925.1	51551	0.9367118508558345
GCA_019290815.1	51551	0.9367118508558345
GCA_015777075.1	51551	0.9367118508558345
GCA_022289475.1	51551	0.9367118508558345
GCA_031030845.1	51552	0.9367300214412908
GCA_015777285.1	51552	0.9367300214412908
GCA_033760695.1	51552	0.9367300214412908
GCA_018118665.1	51552	0.9367300214412908
GCA_053682555.1	51552	0.9367300214412908
GCA_015776875.1	51552	0.9367300214412908
GCA_052293595.1	51552	0.9367300214412908
GCA_052036245.1	51552	0.9367300214412908
GCA_032048335.1	51552	0.9367300214412908
GCA_052827905.1	51552	0.9367300214412908
GCA_032048895.1	51553	0.9367481920267471
GCA_031031625.1	51553	0.9367481920267471
GCA_015787775.1	51553	0.9367481920267471
GCA_019758795.1	51553	0.9367481920267471
GCA_964276335.1	51553	0.9367481920267471
GCA_032335235.1	51553	0.9367481920267471
GCA_033630885.1	51553	0.9367481920267471
GCA_032818815.1	51554	0.9367663626122034
GCA_052827985.1	51554	0.9367663626122034
GCA_042166155.1	51554	0.9367663626122034
GCA_964276295.1	51554	0.9367663626122034
GCA_004214695.1	51554	0.9367663626122034
GCA_963881365.1	51554	0.9367663626122034
GCA_035887285.1	51554	0.9367663626122034
GCA_033631325.1	51554	0.9367663626122034
GCA_030422515.1	51554	0.9367663626122034
GCA_030702735.1	51554	0.9367663626122034
GCA_032975805.1	51554	0.9367663626122034
GCA_020045345.1	51554	0.9367663626122034
GCA_025655315.1	51555	0.9367845331976596
GCA_032447885.1	51555	0.9367845331976596
GCA_015821545.1	51555	0.9367845331976596
GCA_015786055.1	51555	0.9367845331976596
GCA_032049155.1	51556	0.9368027037831159
GCA_038039025.1	51556	0.9368027037831159
GCA_043698725.1	51556	0.9368027037831159
GCA_015790075.1	51556	0.9368027037831159
GCA_042166295.1	51556	0.9368027037831159
GCA_051696885.1	51556	0.9368027037831159
GCA_015787195.1	51556	0.9368027037831159
GCA_052827865.1	51556	0.9368027037831159
GCA_052824545.1	51556	0.9368027037831159
GCA_025764695.1	51556	0.9368027037831159
GCA_030419705.1	51557	0.9368208743685722
GCA_025870665.1	51557	0.9368208743685722
GCA_015820885.1	51557	0.9368208743685722
GCA_030703465.1	51557	0.9368208743685722
GCA_052526325.1	51557	0.9368208743685722
GCA_032158595.1	51557	0.9368208743685722
GCA_017372095.1	51557	0.9368208743685722
GCA_025225495.1	51557	0.9368208743685722
GCA_015820205.1	51557	0.9368208743685722
GCA_042601335.1	51557	0.9368208743685722
GCA_019682435.1	51557	0.9368208743685722
GCA_047704495.1	51557	0.9368208743685722
GCA_019291925.1	51558	0.9368390449540285
GCA_041268065.1	51558	0.9368390449540285
GCA_044093735.1	51558	0.9368390449540285
GCA_052827845.1	51558	0.9368390449540285
GCA_052824225.1	51558	0.9368390449540285
GCA_051564705.1	51558	0.9368390449540285
GCA_020251815.1	51558	0.9368390449540285
GCA_025655085.1	51558	0.9368390449540285
GCA_043697715.1	51558	0.9368390449540285
GCA_031987825.1	51558	0.9368390449540285
GCA_050614795.1	51558	0.9368390449540285
GCA_017604125.1	51558	0.9368390449540285
GCA_963886985.1	51558	0.9368390449540285
GCA_025659565.1	51558	0.9368390449540285
GCA_025659235.1	51558	0.9368390449540285
GCA_963895445.1	51558	0.9368390449540285
GCA_008693685.1	51558	0.9368390449540285
GCA_015820145.1	51559	0.9368572155394846
GCA_046460035.1	51559	0.9368572155394846
GCA_015776995.1	51559	0.9368572155394846
GCA_043695945.1	51559	0.9368572155394846
GCA_015788095.1	51559	0.9368572155394846
GCA_036424295.1	51559	0.9368572155394846
GCA_032048475.1	51559	0.9368572155394846
GCA_020252025.1	51560	0.9368753861249409
GCA_032782225.1	51560	0.9368753861249409
GCA_043695615.1	51560	0.9368753861249409
GCA_963895975.1	51560	0.9368753861249409
GCA_052824365.1	51560	0.9368753861249409
GCA_031661315.1	51561	0.9368935567103972
GCA_032049375.1	51561	0.9368935567103972
GCA_002224265.1	51561	0.9368935567103972
GCA_050932045.1	51561	0.9368935567103972
GCA_037123955.1	51561	0.9368935567103972
GCA_025870725.1	51561	0.9368935567103972
GCA_015776615.1	51561	0.9368935567103972
GCA_963872095.1	51561	0.9368935567103972
GCA_052815905.1	51561	0.9368935567103972
GCA_963875075.1	51561	0.9368935567103972
GCA_015820825.1	51562	0.9369117272958535
GCA_053685295.1	51562	0.9369117272958535
GCA_015786695.1	51562	0.9369117272958535
GCA_043697315.1	51562	0.9369117272958535
GCA_037062935.1	51562	0.9369117272958535
GCA_015777265.1	51562	0.9369117272958535
GCA_040554625.1	51562	0.9369117272958535
GCA_001890575.1	51562	0.9369117272958535
GCA_053645195.1	51562	0.9369117272958535
GCA_001591065.1	51563	0.9369298978813098
GCA_044736805.1	51563	0.9369298978813098
GCA_052824345.1	51563	0.9369298978813098
GCA_032047975.1	51563	0.9369298978813098
GCA_053830795.1	51563	0.9369298978813098
GCA_963869295.1	51563	0.9369298978813098
GCA_004215295.1	51564	0.936948068466766
GCA_004215235.1	51564	0.936948068466766
GCA_963880985.1	51564	0.936948068466766
GCA_036449975.1	51564	0.936948068466766
GCA_963881705.1	51564	0.936948068466766
GCA_963895785.1	51564	0.936948068466766
GCA_053682915.1	51564	0.936948068466766
GCA_053682635.1	51564	0.936948068466766
GCA_025655045.1	51564	0.936948068466766
GCA_037124125.1	51564	0.936948068466766
GCA_021716775.1	51564	0.936948068466766
GCA_004214455.1	51564	0.936948068466766
GCA_020251985.1	51564	0.936948068466766
GCA_963881455.1	51564	0.936948068466766
GCA_033630805.1	51564	0.936948068466766
GCA_017126315.1	51564	0.936948068466766
GCA_037063305.1	51565	0.9369662390522222
GCA_030702325.1	51565	0.9369662390522222
GCA_963861735.1	51565	0.9369662390522222
GCA_033631475.1	51565	0.9369662390522222
GCA_000269725.1	51565	0.9369662390522222
GCA_015776455.1	51565	0.9369662390522222
GCA_030422105.1	51565	0.9369662390522222
GCA_963880945.1	51566	0.9369844096376785
GCA_015774475.1	51566	0.9369844096376785
GCA_017637485.1	51566	0.9369844096376785
GCA_004215195.1	51566	0.9369844096376785
GCA_015821525.1	51566	0.9369844096376785
GCA_033631075.1	51566	0.9369844096376785
GCA_015821045.1	51566	0.9369844096376785
GCA_052582185.1	51566	0.9369844096376785
GCA_037064195.1	51566	0.9369844096376785
GCA_053687835.1	51567	0.9370025802231348
GCA_032178755.1	51567	0.9370025802231348
GCA_015777565.1	51567	0.9370025802231348
GCA_012274885.1	51567	0.9370025802231348
GCA_042220585.1	51567	0.9370025802231348
GCA_019274855.1	51567	0.9370025802231348
GCA_015960125.1	51567	0.9370025802231348
GCA_033630865.1	51568	0.937020750808591
GCA_033826225.1	51568	0.937020750808591
GCA_015777685.1	51568	0.937020750808591
GCA_037057305.1	51568	0.937020750808591
GCA_017604345.1	51568	0.937020750808591
GCA_048900285.1	51568	0.937020750808591
GCA_051020745.1	51568	0.937020750808591
GCA_020045385.1	51569	0.9370389213940473
GCA_032049575.1	51569	0.9370389213940473
GCA_023352235.1	51569	0.9370389213940473
GCA_032049895.1	51569	0.9370389213940473
GCA_963877925.1	51569	0.9370389213940473
GCA_033631465.1	51569	0.9370389213940473
GCA_002903735.1	51569	0.9370389213940473
GCA_017602025.1	51569	0.9370389213940473
GCA_032047295.1	51569	0.9370389213940473
GCA_032049555.1	51570	0.9370570919795036
GCA_025858195.1	51570	0.9370570919795036
GCA_015776475.1	51570	0.9370570919795036
GCA_020958695.1	51570	0.9370570919795036
GCA_032048015.1	51570	0.9370570919795036
GCA_025368395.1	51570	0.9370570919795036
GCA_015968815.1	51570	0.9370570919795036
GCA_031761635.1	51570	0.9370570919795036
GCA_044525505.1	51571	0.9370752625649599
GCA_004215355.1	51571	0.9370752625649599
GCA_032783355.1	51571	0.9370752625649599
GCA_043697495.1	51571	0.9370752625649599
GCA_004214465.1	51571	0.9370752625649599
GCA_032049395.1	51571	0.9370752625649599
GCA_963881135.1	51571	0.9370752625649599
GCA_025368495.1	51571	0.9370752625649599
GCA_963881735.1	51571	0.9370752625649599
GCA_032048295.1	51571	0.9370752625649599
GCA_044094815.1	51571	0.9370752625649599
GCA_053303995.1	51571	0.9370752625649599
GCA_022019535.1	51571	0.9370752625649599
GCA_022019575.1	51571	0.9370752625649599
GCA_015799775.1	51571	0.9370752625649599
GCA_015821085.1	51572	0.9370934331504162
GCA_047706295.1	51572	0.9370934331504162
GCA_033631185.1	51572	0.9370934331504162
GCA_043696455.1	51572	0.9370934331504162
GCA_043697355.1	51573	0.9371116037358723
GCA_025529485.1	51573	0.9371116037358723
GCA_022609905.1	51573	0.9371116037358723
GCA_019332705.1	51573	0.9371116037358723
GCA_030890685.1	51573	0.9371116037358723
GCA_015777505.1	51573	0.9371116037358723
GCA_036765395.1	51573	0.9371116037358723
GCA_001890645.1	51574	0.9371297743213286
GCA_963872225.1	51574	0.9371297743213286
GCA_036925715.1	51574	0.9371297743213286
GCA_052295815.1	51574	0.9371297743213286
GCA_023352255.1	51574	0.9371297743213286
GCA_015968515.1	51575	0.9371479449067849
GCA_019332645.1	51575	0.9371479449067849
GCA_036450015.1	51575	0.9371479449067849
GCA_053682155.1	51575	0.9371479449067849
GCA_019377675.1	51575	0.9371479449067849
GCA_032048655.1	51576	0.9371661154922412
GCA_015820265.1	51576	0.9371661154922412
GCA_043696735.1	51576	0.9371661154922412
GCA_030420745.1	51576	0.9371661154922412
GCA_030701025.1	51576	0.9371661154922412
GCA_052248935.1	51576	0.9371661154922412
GCA_015820185.1	51577	0.9371842860776974
GCA_032157725.1	51577	0.9371842860776974
GCA_015960305.1	51577	0.9371842860776974
GCA_015778755.1	51578	0.9372024566631537
GCA_029001425.1	51578	0.9372024566631537
GCA_022289415.1	51578	0.9372024566631537
GCA_015820465.1	51578	0.9372024566631537
GCA_963897435.1	51578	0.9372024566631537
GCA_050083565.1	51579	0.93722062724861
GCA_015787395.1	51579	0.93722062724861
GCA_020251885.1	51579	0.93722062724861
GCA_053688615.1	51579	0.93722062724861
GCA_963896065.1	51579	0.93722062724861
GCA_032047995.1	51579	0.93722062724861
GCA_015820045.1	51579	0.93722062724861
GCA_040625855.1	51579	0.93722062724861
GCA_031163645.2	51579	0.93722062724861
GCA_033631385.1	51580	0.9372387978340662
GCA_036983595.1	51580	0.9372387978340662
GCA_017601965.1	51580	0.9372387978340662
GCA_900460445.1	51580	0.9372387978340662
GCA_025659855.1	51580	0.9372387978340662
GCA_044536645.1	51580	0.9372387978340662
GCA_022020375.1	51580	0.9372387978340662
GCA_019682595.1	51580	0.9372387978340662
GCA_040070395.1	51580	0.9372387978340662
GCA_036925775.1	51580	0.9372387978340662
GCA_963900455.1	51580	0.9372387978340662
GCA_015799055.1	51581	0.9372569684195224
GCA_017109365.1	51581	0.9372569684195224
GCA_963869275.1	51581	0.9372569684195224
GCA_963871735.1	51581	0.9372569684195224
GCA_020967095.1	51581	0.9372569684195224
GCA_001471305.2	51581	0.9372569684195224
GCA_032050535.1	51581	0.9372569684195224
GCA_001890525.1	51581	0.9372569684195224
GCA_034563655.1	51581	0.9372569684195224
GCA_021703775.1	51581	0.9372569684195224
GCA_032975785.1	51581	0.9372569684195224
GCA_033630985.1	51581	0.9372569684195224
GCA_032975885.1	51581	0.9372569684195224
GCA_036450155.1	51581	0.9372569684195224
GCA_015820065.1	51582	0.9372751390049787
GCA_040171165.1	51582	0.9372751390049787
GCA_026874515.1	51582	0.9372751390049787
GCA_032048405.1	51582	0.9372751390049787
GCA_022609845.1	51582	0.9372751390049787
GCA_015960135.1	51582	0.9372751390049787
GCA_963882015.1	51583	0.937293309590435
GCA_044536805.1	51583	0.937293309590435
GCA_043697275.1	51583	0.937293309590435
GCA_036424275.1	51583	0.937293309590435
GCA_004215135.1	51583	0.937293309590435
GCA_032354675.1	51583	0.937293309590435
GCA_032049355.1	51583	0.937293309590435
GCA_019291095.1	51584	0.9373114801758913
GCA_004215045.1	51584	0.9373114801758913
GCA_015778425.1	51584	0.9373114801758913
GCA_051718435.1	51584	0.9373114801758913
GCA_026252395.1	51584	0.9373114801758913
GCA_032050135.1	51584	0.9373114801758913
GCA_040521965.1	51584	0.9373114801758913
GCA_023080595.1	51584	0.9373114801758913
GCA_015774555.1	51584	0.9373114801758913
GCA_963881265.1	51584	0.9373114801758913
GCA_020124975.1	51585	0.9373296507613476
GCA_015820865.1	51585	0.9373296507613476
GCA_043696145.1	51585	0.9373296507613476
GCA_033630945.1	51585	0.9373296507613476
GCA_015821685.1	51585	0.9373296507613476
GCA_020010365.1	51585	0.9373296507613476
GCA_020410585.1	51585	0.9373296507613476
GCA_032782005.1	51585	0.9373296507613476
GCA_016109695.1	51586	0.9373478213468038
GCA_032048255.1	51586	0.9373478213468038
GCA_022020455.1	51586	0.9373478213468038
GCA_015821125.1	51586	0.9373478213468038
GCA_019290835.1	51586	0.9373478213468038
GCA_043696535.1	51587	0.9373659919322601
GCA_032284685.1	51587	0.9373659919322601
GCA_019290615.1	51587	0.9373659919322601
GCA_025660145.1	51587	0.9373659919322601
GCA_053218585.1	51587	0.9373659919322601
GCA_015745985.1	51587	0.9373659919322601
GCA_037063135.1	51588	0.9373841625177163
GCA_037063745.1	51588	0.9373841625177163
GCA_053682615.1	51588	0.9373841625177163
GCA_019945495.1	51588	0.9373841625177163
GCA_031242095.1	51588	0.9373841625177163
GCA_051817505.1	51588	0.9373841625177163
GCA_037023455.1	51589	0.9374023331031726
GCA_015820565.1	51589	0.9374023331031726
GCA_051221345.1	51589	0.9374023331031726
GCA_051014465.1	51589	0.9374023331031726
GCA_032049945.1	51589	0.9374023331031726
GCA_015783855.1	51589	0.9374023331031726
GCA_032048675.1	51590	0.9374205036886288
GCA_032047215.1	51590	0.9374205036886288
GCA_019290475.1	51590	0.9374205036886288
GCA_040826875.1	51590	0.9374205036886288
GCA_043695855.1	51590	0.9374205036886288
GCA_025863755.1	51590	0.9374205036886288
GCA_043696315.1	51590	0.9374205036886288
GCA_041268105.1	51591	0.9374386742740851
GCA_015819605.1	51591	0.9374386742740851
GCA_018080865.1	51591	0.9374386742740851
GCA_015745105.1	51591	0.9374386742740851
GCA_032049275.1	51591	0.9374386742740851
GCA_031063555.1	51591	0.9374386742740851
GCA_015776935.1	51591	0.9374386742740851
GCA_043694795.1	51591	0.9374386742740851
GCA_025659295.1	51592	0.9374568448595414
GCA_015821865.1	51592	0.9374568448595414
GCA_020347965.1	51592	0.9374568448595414
GCA_032049675.1	51592	0.9374568448595414
GCA_036765435.1	51592	0.9374568448595414
GCA_019434685.1	51593	0.9374750154449977
GCA_053105875.1	51593	0.9374750154449977
GCA_043694675.1	51593	0.9374750154449977
GCA_032354725.1	51593	0.9374750154449977
GCA_042395315.1	51594	0.9374931860304538
GCA_037550875.1	51594	0.9374931860304538
GCA_024230115.1	51594	0.9374931860304538
GCA_015819685.1	51594	0.9374931860304538
GCA_043694875.1	51594	0.9374931860304538
GCA_051440025.1	51594	0.9374931860304538
GCA_036926525.1	51595	0.9375113566159101
GCA_041344375.1	51595	0.9375113566159101
GCA_017637545.1	51595	0.9375113566159101
GCA_032048915.1	51595	0.9375113566159101
GCA_043697375.1	51596	0.9375295272013664
GCA_015819545.1	51596	0.9375295272013664
GCA_040874845.1	51596	0.9375295272013664
GCA_052337065.1	51596	0.9375295272013664
GCA_044737025.1	51596	0.9375295272013664
GCA_036928225.1	51596	0.9375295272013664
GCA_021716655.1	51596	0.9375295272013664
GCA_025654925.1	51597	0.9375476977868227
GCA_015777825.1	51597	0.9375476977868227
GCA_033215675.1	51597	0.9375476977868227
GCA_031930545.1	51598	0.937565868372279
GCA_963871655.1	51599	0.9375840389577352
GCA_022611575.1	51599	0.9375840389577352
GCA_015745685.1	51599	0.9375840389577352
GCA_031765655.1	51599	0.9375840389577352
GCA_001597955.1	51599	0.9375840389577352
GCA_020967395.1	51599	0.9375840389577352
GCA_001890585.1	51599	0.9375840389577352
GCA_020504025.1	51600	0.9376022095431915
GCA_015821605.1	51600	0.9376022095431915
GCA_031960665.1	51600	0.9376022095431915
GCA_016109785.1	51600	0.9376022095431915
GCA_032048055.1	51600	0.9376022095431915
GCA_032158575.1	51600	0.9376022095431915
GCA_032584935.1	51601	0.9376203801286478
GCA_004214365.1	51601	0.9376203801286478
GCA_963882135.1	51601	0.9376203801286478
GCA_003047125.1	51601	0.9376203801286478
GCA_051232505.1	51601	0.9376203801286478
GCA_032340955.1	51602	0.937638550714104
GCA_033760535.1	51602	0.937638550714104
GCA_031929585.1	51602	0.937638550714104
GCA_040898665.1	51602	0.937638550714104
GCA_015820345.1	51602	0.937638550714104
GCA_015820325.1	51602	0.937638550714104
GCA_044862465.1	51602	0.937638550714104
GCA_015820845.1	51602	0.937638550714104
GCA_043698745.1	51603	0.9376567212995602
GCA_041054925.1	51603	0.9376567212995602
GCA_963881335.1	51603	0.9376567212995602
GCA_004214995.1	51603	0.9376567212995602
GCA_035883715.1	51603	0.9376567212995602
GCA_031543625.1	51604	0.9376748918850165
GCA_025225915.1	51604	0.9376748918850165
GCA_053682335.1	51604	0.9376748918850165
GCA_033760575.1	51604	0.9376748918850165
GCA_015777345.1	51604	0.9376748918850165
GCA_002494385.2	51604	0.9376748918850165
GCA_963875775.1	51604	0.9376748918850165
GCA_022378195.1	51604	0.9376748918850165
GCA_014925645.1	51604	0.9376748918850165
GCA_022948915.1	51604	0.9376748918850165
GCA_015777305.1	51605	0.9376930624704728
GCA_015774595.1	51605	0.9376930624704728
GCA_036987635.1	51605	0.9376930624704728
GCA_025659705.1	51606	0.9377112330559291
GCA_019761875.1	51606	0.9377112330559291
GCA_033877475.1	51606	0.9377112330559291
GCA_033630585.1	51606	0.9377112330559291
GCA_015819945.1	51607	0.9377294036413854
GCA_051366045.1	51607	0.9377294036413854
GCA_052527095.1	51607	0.9377294036413854
GCA_015787595.1	51607	0.9377294036413854
GCA_015777745.1	51607	0.9377294036413854
GCA_019761975.1	51607	0.9377294036413854
GCA_036449955.1	51607	0.9377294036413854
GCA_024217415.1	51607	0.9377294036413854
GCA_020967035.1	51608	0.9377475742268416
GCA_037064095.1	51608	0.9377475742268416
GCA_022609825.1	51608	0.9377475742268416
GCA_015786795.1	51608	0.9377475742268416
GCA_050992255.1	51608	0.9377475742268416
GCA_033631145.1	51608	0.9377475742268416
GCA_020943465.1	51608	0.9377475742268416
GCA_020502815.1	51609	0.9377657448122978
GCA_015819705.1	51609	0.9377657448122978
GCA_015783895.1	51609	0.9377657448122978
GCA_015789735.1	51609	0.9377657448122978
GCA_036450075.1	51609	0.9377657448122978
GCA_040070315.1	51610	0.9377839153977541
GCA_963881245.1	51610	0.9377839153977541
GCA_037063445.1	51610	0.9377839153977541
GCA_032049455.1	51610	0.9377839153977541
GCA_015778725.1	51610	0.9377839153977541
GCA_015777405.1	51610	0.9377839153977541
GCA_015790995.1	51610	0.9377839153977541
GCA_016611225.1	51610	0.9377839153977541
GCA_043697775.1	51610	0.9377839153977541
GCA_004215155.1	51610	0.9377839153977541
GCA_040001355.1	51610	0.9377839153977541
GCA_052715785.1	51611	0.9378020859832104
GCA_015820545.1	51611	0.9378020859832104
GCA_053686255.1	51611	0.9378020859832104
GCA_019682515.1	51611	0.9378020859832104
GCA_032047875.1	51611	0.9378020859832104
GCA_032049815.1	51611	0.9378020859832104
GCA_043694885.1	51612	0.9378202565686666
GCA_051232525.1	51612	0.9378202565686666
GCA_043695535.1	51612	0.9378202565686666
GCA_032782025.1	51612	0.9378202565686666
GCA_031831815.1	51612	0.9378202565686666
GCA_032050675.1	51613	0.9378384271541229
GCA_015778805.1	51613	0.9378384271541229
GCA_015820765.1	51613	0.9378384271541229
GCA_033630465.1	51613	0.9378384271541229
GCA_017109765.1	51613	0.9378384271541229
GCA_051440205.1	51613	0.9378384271541229
GCA_032047515.1	51613	0.9378384271541229
GCA_022020395.1	51613	0.9378384271541229
GCA_042517415.1	51613	0.9378384271541229
GCA_033760715.1	51614	0.9378565977395792
GCA_015820495.1	51614	0.9378565977395792
GCA_036424235.1	51614	0.9378565977395792
GCA_037063605.1	51614	0.9378565977395792
GCA_015960345.1	51615	0.9378747683250355
GCA_043697435.1	51615	0.9378747683250355
GCA_051572845.1	51615	0.9378747683250355
GCA_033631305.1	51615	0.9378747683250355
GCA_033631165.1	51616	0.9378929389104917
GCA_052822105.1	51616	0.9378929389104917
GCA_025659355.1	51616	0.9378929389104917
GCA_025659375.1	51616	0.9378929389104917
GCA_043695695.1	51616	0.9378929389104917
GCA_026874535.1	51616	0.9378929389104917
GCA_015784295.1	51616	0.9378929389104917
GCA_037123945.1	51617	0.9379111094959479
GCA_033631025.1	51617	0.9379111094959479
GCA_025021345.1	51617	0.9379111094959479
GCA_036424255.1	51617	0.9379111094959479
GCA_032177025.1	51617	0.9379111094959479
GCA_051462685.1	51617	0.9379111094959479
GCA_053688535.1	51617	0.9379111094959479
GCA_043695575.1	51617	0.9379111094959479
GCA_020967465.1	51618	0.9379292800814042
GCA_044737065.1	51618	0.9379292800814042
GCA_032049015.1	51618	0.9379292800814042
GCA_023353015.1	51618	0.9379292800814042
GCA_015745505.1	51619	0.9379474506668605
GCA_023353055.1	51619	0.9379474506668605
GCA_015821355.1	51619	0.9379474506668605
GCA_015968695.1	51619	0.9379474506668605
GCA_032049055.1	51619	0.9379474506668605
GCA_032048305.1	51619	0.9379474506668605
GCA_019764365.1	51620	0.9379656212523168
GCA_032049515.1	51620	0.9379656212523168
GCA_025654575.1	51620	0.9379656212523168
GCA_015787735.1	51620	0.9379656212523168
GCA_001890625.1	51620	0.9379656212523168
GCA_032048995.1	51620	0.9379656212523168
GCA_015821925.1	51620	0.9379656212523168
GCA_032770775.1	51620	0.9379656212523168
GCA_025366875.1	51620	0.9379656212523168
GCA_025289375.1	51621	0.937983791837773
GCA_018080985.1	51621	0.937983791837773
GCA_032049025.1	51621	0.937983791837773
GCA_019291665.1	51621	0.937983791837773
GCA_020967105.1	51621	0.937983791837773
GCA_033301825.1	51621	0.937983791837773
GCA_015820675.1	51622	0.9380019624232293
GCA_043840705.1	51622	0.9380019624232293
GCA_014905775.1	51622	0.9380019624232293
GCA_035883575.1	51623	0.9380201330086856
GCA_032048095.1	51623	0.9380201330086856
GCA_032048615.1	51623	0.9380201330086856
GCA_015821485.1	51623	0.9380201330086856
GCA_036765655.1	51623	0.9380201330086856
GCA_025659395.1	51623	0.9380201330086856
GCA_020045605.1	51623	0.9380201330086856
GCA_021537035.1	51624	0.9380383035941418
GCA_043696835.1	51625	0.938056474179598
GCA_040556455.1	51625	0.938056474179598
GCA_015777705.1	51626	0.9380746447650543
GCA_032049175.1	51626	0.9380746447650543
GCA_019393665.1	51627	0.9380928153505106
GCA_033630515.1	51627	0.9380928153505106
GCA_032584975.1	51627	0.9380928153505106
GCA_032049795.1	51627	0.9380928153505106
GCA_036424035.1	51627	0.9380928153505106
GCA_015777445.1	51629	0.9381291565214231
GCA_900460565.1	51629	0.9381291565214231
GCA_963900365.1	51629	0.9381291565214231
GCA_015782495.1	51629	0.9381291565214231
GCA_043696375.1	51630	0.9381473271068794
GCA_040737735.1	51630	0.9381473271068794
GCA_043696615.1	51630	0.9381473271068794
GCA_036450055.1	51630	0.9381473271068794
GCA_018080905.1	51630	0.9381473271068794
GCA_015820805.1	51630	0.9381473271068794
GCA_051671125.1	51630	0.9381473271068794
GCA_040530935.1	51630	0.9381473271068794
GCA_021764005.1	51631	0.9381654976923357
GCA_020045685.1	51631	0.9381654976923357
GCA_019683375.1	51631	0.9381654976923357
GCA_051185625.1	51632	0.9381836682777919
GCA_041265325.1	51632	0.9381836682777919
GCA_051523095.1	51632	0.9381836682777919
GCA_024216475.1	51632	0.9381836682777919
GCA_023352395.1	51632	0.9381836682777919
GCA_022927985.1	51632	0.9381836682777919
GCA_015821415.1	51632	0.9381836682777919
GCA_036925675.1	51633	0.9382018388632481
GCA_043899025.1	51633	0.9382018388632481
GCA_033631065.1	51634	0.9382200094487044
GCA_033086955.1	51634	0.9382200094487044
GCA_015960105.1	51634	0.9382200094487044
GCA_022019555.1	51634	0.9382200094487044
GCA_035883555.1	51634	0.9382200094487044
GCA_020502835.1	51635	0.9382381800341607
GCA_017637505.1	51635	0.9382381800341607
GCA_016109665.1	51635	0.9382381800341607
GCA_043695515.1	51635	0.9382381800341607
GCA_015776395.1	51635	0.9382381800341607
GCA_020967075.1	51636	0.938256350619617
GCA_015821345.1	51637	0.9382745212050733
GCA_015821845.1	51637	0.9382745212050733
GCA_032050335.1	51637	0.9382745212050733
GCA_051574625.1	51638	0.9382926917905295
GCA_053314495.1	51638	0.9382926917905295
GCA_015820945.1	51639	0.9383108623759857
GCA_040733285.1	51639	0.9383108623759857
GCA_032047755.1	51639	0.9383108623759857
GCA_036925635.1	51639	0.9383108623759857
GCA_043697895.1	51639	0.9383108623759857
GCA_015786035.1	51640	0.938329032961442
GCA_015819665.1	51640	0.938329032961442
GCA_032342095.1	51640	0.938329032961442
GCA_020967055.1	51641	0.9383472035468983
GCA_019681595.1	51641	0.9383472035468983
GCA_039770815.1	51641	0.9383472035468983
GCA_052028245.1	51641	0.9383472035468983
GCA_045767705.1	51641	0.9383472035468983
GCA_015968665.1	51641	0.9383472035468983
GCA_025366855.1	51641	0.9383472035468983
GCA_015821155.1	51642	0.9383653741323545
GCA_040740955.1	51642	0.9383653741323545
GCA_032287865.1	51642	0.9383653741323545
GCA_015709045.1	51643	0.9383835447178108
GCA_015820285.1	51644	0.9384017153032671
GCA_015783195.1	51644	0.9384017153032671
GCA_032047575.1	51644	0.9384017153032671
GCA_032342975.1	51644	0.9384017153032671
GCA_003258475.1	51645	0.9384198858887234
GCA_025017745.1	51645	0.9384198858887234
GCA_015820005.1	51645	0.9384198858887234
GCA_037161605.1	51646	0.9384380564741795
GCA_036450115.1	51646	0.9384380564741795
GCA_015803995.1	51646	0.9384380564741795
GCA_033760455.1	51647	0.9384562270596358
GCA_015968735.1	51647	0.9384562270596358
GCA_033760615.1	51647	0.9384562270596358
GCA_015777785.1	51647	0.9384562270596358
GCA_015820405.1	51647	0.9384562270596358
GCA_023352315.1	51648	0.9384743976450921
GCA_051572745.1	51648	0.9384743976450921
GCA_043696235.1	51648	0.9384743976450921
GCA_051351295.1	51648	0.9384743976450921
GCA_032049315.1	51649	0.9384925682305484
GCA_015777485.1	51649	0.9384925682305484
GCA_043697395.1	51649	0.9384925682305484
GCA_036423945.1	51650	0.9385107388160047
GCA_043695655.1	51650	0.9385107388160047
GCA_043695805.1	51650	0.9385107388160047
GCA_052215275.1	51650	0.9385107388160047
GCA_031243215.1	51651	0.9385289094014609
GCA_045767605.1	51651	0.9385289094014609
GCA_019290955.1	51651	0.9385289094014609
GCA_015777545.1	51652	0.9385470799869172
GCA_031936245.1	51652	0.9385470799869172
GCA_031050195.1	51652	0.9385470799869172
GCA_036450895.1	51653	0.9385652505723734
GCA_963886075.1	51653	0.9385652505723734
GCA_032048275.1	51653	0.9385652505723734
GCA_009665455.1	51653	0.9385652505723734
GCA_019683355.1	51654	0.9385834211578297
GCA_015968755.1	51654	0.9385834211578297
GCA_052083815.1	51654	0.9385834211578297
GCA_015786895.1	51654	0.9385834211578297
GCA_032049115.1	51654	0.9385834211578297
GCA_035887275.1	51655	0.938601591743286
GCA_022609925.1	51655	0.938601591743286
GCA_015821025.1	51655	0.938601591743286
GCA_041279045.1	51655	0.938601591743286
GCA_045893855.1	51655	0.938601591743286
GCA_032820455.1	51656	0.9386197623287422
GCA_036926055.1	51656	0.9386197623287422
GCA_019656795.1	51656	0.9386197623287422
GCA_053644995.1	51656	0.9386197623287422
GCA_032049495.1	51656	0.9386197623287422
GCA_051724685.1	51657	0.9386379329141985
GCA_040070335.1	51657	0.9386379329141985
GCA_036925655.1	51657	0.9386379329141985
GCA_032048835.1	51658	0.9386561034996548
GCA_025653095.1	51659	0.9386742740851111
GCA_015778905.1	51659	0.9386742740851111
GCA_032818955.1	51659	0.9386742740851111
GCA_043695635.1	51659	0.9386742740851111
GCA_041138885.1	51659	0.9386742740851111
GCA_019332685.1	51659	0.9386742740851111
GCA_021537135.1	51659	0.9386742740851111
GCA_031906625.1	51660	0.9386924446705673
GCA_015838355.1	51660	0.9386924446705673
GCA_043697875.1	51661	0.9387106152560235
GCA_015819915.1	51661	0.9387106152560235
GCA_041268345.1	51661	0.9387106152560235
GCA_043695675.1	51661	0.9387106152560235
GCA_043697515.1	51662	0.9387287858414798
GCA_017126235.1	51662	0.9387287858414798
GCA_041265045.1	51663	0.9387469564269361
GCA_042273085.1	51663	0.9387469564269361
GCA_032049655.1	51664	0.9387651270123923
GCA_043696275.1	51664	0.9387651270123923
GCA_015776535.1	51664	0.9387651270123923
GCA_015776675.1	51664	0.9387651270123923
GCA_032519925.1	51665	0.9387832975978486
GCA_017126295.1	51665	0.9387832975978486
GCA_036765555.1	51666	0.9388014681833049
GCA_024216375.1	51666	0.9388014681833049
GCA_021537595.1	51666	0.9388014681833049
GCA_041344235.1	51666	0.9388014681833049
GCA_015821215.1	51666	0.9388014681833049
GCA_023352275.1	51667	0.9388196387687612
GCA_032050495.1	51667	0.9388196387687612
GCA_024618105.1	51667	0.9388196387687612
GCA_032048875.1	51667	0.9388196387687612
GCA_015821765.1	51667	0.9388196387687612
GCA_043697215.1	51667	0.9388196387687612
GCA_032050875.1	51668	0.9388378093542173
GCA_018080765.1	51668	0.9388378093542173
GCA_020502765.1	51668	0.9388378093542173
GCA_036765515.1	51669	0.9388559799396736
GCA_033760555.1	51669	0.9388559799396736
GCA_015821625.1	51669	0.9388559799396736
GCA_019097415.1	51669	0.9388559799396736
GCA_022378215.1	51670	0.9388741505251299
GCA_043696415.1	51670	0.9388741505251299
GCA_019761905.1	51670	0.9388741505251299
GCA_020966705.1	51671	0.9388923211105862
GCA_015774715.1	51672	0.9389104916960425
GCA_052589195.1	51672	0.9389104916960425
GCA_015821555.1	51672	0.9389104916960425
GCA_032344975.1	51672	0.9389104916960425
GCA_053402155.1	51673	0.9389286622814987
GCA_015819985.1	51673	0.9389286622814987
GCA_040000685.1	51673	0.9389286622814987
GCA_032050695.1	51674	0.938946832866955
GCA_014925595.1	51674	0.938946832866955
GCA_001889185.1	51675	0.9389650034524113
GCA_031542925.1	51675	0.9389650034524113
GCA_022378135.1	51675	0.9389650034524113
GCA_020502905.1	51675	0.9389650034524113
GCA_963872075.1	51675	0.9389650034524113
GCA_043695895.1	51675	0.9389650034524113
GCA_015820105.1	51676	0.9389831740378675
GCA_043697335.1	51678	0.93901951520878
GCA_031702845.1	51678	0.93901951520878
GCA_036926175.1	51679	0.9390376857942363
GCA_043696755.1	51679	0.9390376857942363
GCA_015774635.1	51679	0.9390376857942363
GCA_015776375.1	51679	0.9390376857942363
GCA_040522005.1	51679	0.9390376857942363
GCA_018080845.1	51680	0.9390558563796926
GCA_029001605.1	51680	0.9390558563796926
GCA_032049255.1	51681	0.9390740269651489
GCA_032341715.1	51681	0.9390740269651489
GCA_001597935.1	51681	0.9390740269651489
GCA_032048935.1	51682	0.939092197550605
GCA_035883535.1	51682	0.939092197550605
GCA_023352955.1	51682	0.939092197550605
GCA_015821465.1	51683	0.9391103681360613
GCA_015821325.1	51683	0.9391103681360613
GCA_017834715.1	51683	0.9391103681360613
GCA_032616655.1	51683	0.9391103681360613
GCA_043694695.1	51684	0.9391285387215176
GCA_001890465.1	51685	0.9391467093069739
GCA_051901515.1	51685	0.9391467093069739
GCA_963871905.1	51685	0.9391467093069739
GCA_020045745.1	51686	0.9391648798924301
GCA_032777385.1	51686	0.9391648798924301
GCA_019290335.1	51687	0.9391830504778864
GCA_000303175.1	51688	0.9392012210633427
GCA_020276545.1	51688	0.9392012210633427
GCA_044613015.1	51688	0.9392012210633427
GCA_963861385.1	51688	0.9392012210633427
GCA_015786995.1	51689	0.939219391648799
GCA_017637465.1	51689	0.939219391648799
GCA_032048975.1	51689	0.939219391648799
GCA_043697195.1	51690	0.9392375622342551
GCA_963860615.1	51690	0.9392375622342551
GCA_051364785.1	51691	0.9392557328197114
GCA_043697535.1	51692	0.9392739034051677
GCA_043697555.1	51693	0.939292073990624
GCA_015820025.1	51693	0.939292073990624
GCA_020967595.1	51693	0.939292073990624
GCA_015821585.1	51693	0.939292073990624
GCA_040957125.1	51694	0.9393102445760803
GCA_043696955.1	51695	0.9393284151615365
GCA_017126245.1	51696	0.9393465857469928
GCA_051352415.1	51696	0.9393465857469928
GCA_050917695.1	51697	0.939364756332449
GCA_052858195.1	51697	0.939364756332449
GCA_043696335.1	51697	0.939364756332449
GCA_043698645.1	51697	0.939364756332449
GCA_041268085.1	51697	0.939364756332449
GCA_015864165.1	51697	0.939364756332449
GCA_032288045.1	51697	0.939364756332449
GCA_043696975.1	51698	0.9393829269179053
GCA_048994035.1	51698	0.9393829269179053
GCA_015820575.1	51699	0.9394010975033615
GCA_043697475.1	51699	0.9394010975033615
GCA_032766435.1	51700	0.9394192680888178
GCA_015776485.1	51701	0.9394374386742741
GCA_043697575.1	51702	0.9394556092597304
GCA_043696635.1	51702	0.9394556092597304
GCA_018015775.1	51702	0.9394556092597304
GCA_043698705.1	51703	0.9394737798451867
GCA_020010485.1	51703	0.9394737798451867
GCA_022378175.1	51704	0.9394919504306429
GCA_031762695.1	51705	0.9395101210160991
GCA_009665415.1	51705	0.9395101210160991
GCA_015777805.1	51705	0.9395101210160991
GCA_051178345.1	51705	0.9395101210160991
GCA_015820085.1	51706	0.9395282916015554
GCA_032447865.1	51706	0.9395282916015554
GCA_044596675.1	51707	0.9395464621870117
GCA_043695995.1	51708	0.9395646327724679
GCA_032766635.1	51709	0.9395828033579242
GCA_015776715.1	51709	0.9395828033579242
GCA_015817915.1	51710	0.9396009739433805
GCA_032049295.1	51710	0.9396009739433805
GCA_015819725.1	51710	0.9396009739433805
GCA_018081005.1	51711	0.9396191445288368
GCA_043696595.1	51712	0.9396373151142929
GCA_033021775.1	51712	0.9396373151142929
GCA_052715865.1	51712	0.9396373151142929
GCA_052712825.1	51713	0.9396554856997492
GCA_017834735.1	51713	0.9396554856997492
GCA_043697735.1	51713	0.9396554856997492
GCA_043694915.1	51714	0.9396736562852055
GCA_034295395.1	51714	0.9396736562852055
GCA_043698685.1	51714	0.9396736562852055
GCA_045767665.1	51716	0.939709997456118
GCA_051440765.1	51716	0.939709997456118
GCA_020240625.1	51716	0.939709997456118
GCA_020966655.1	51716	0.939709997456118
GCA_040528405.1	51717	0.9397281680415743
GCA_003258485.1	51718	0.9397463386270306
GCA_963878955.1	51718	0.9397463386270306
GCA_032783345.1	51719	0.9397645092124868
GCA_022592555.1	51719	0.9397645092124868
GCA_033631105.1	51720	0.939782679797943
GCA_015774515.1	51720	0.939782679797943
GCA_015777315.1	51720	0.939782679797943
GCA_043697675.1	51721	0.9398008503833993
GCA_043697635.1	51723	0.9398371915543119
GCA_002891785.1	51723	0.9398371915543119
GCA_963877285.1	51723	0.9398371915543119
GCA_043695415.1	51724	0.9398553621397682
GCA_009763725.1	51724	0.9398553621397682
GCA_019682555.1	51725	0.9398735327252244
GCA_015777665.1	51725	0.9398735327252244
GCA_015821255.1	51725	0.9398735327252244
GCA_049886975.1	51726	0.9398917033106806
GCA_015968705.1	51728	0.9399280444815932
GCA_040304585.1	51731	0.939982556237962
GCA_043697955.1	51731	0.939982556237962
GCA_015821725.1	51731	0.939982556237962
GCA_043695765.1	51734	0.9400370679943307
GCA_019681795.1	51735	0.940055238579787
GCA_015821705.1	51735	0.940055238579787
GCA_043696655.1	51735	0.940055238579787
GCA_040273155.1	51736	0.9400734091652433
GCA_043696775.1	51736	0.9400734091652433
GCA_029689405.1	51737	0.9400915797506996
GCA_015821785.1	51737	0.9400915797506996
GCA_022883815.1	51741	0.9401642620925246
GCA_019290295.1	51741	0.9401642620925246
GCA_043696555.1	51742	0.9401824326779809
GCA_032050155.1	51743	0.9402006032634371
GCA_043696255.1	51744	0.9402187738488934
GCA_033630565.1	51744	0.9402187738488934
GCA_039890895.1	51744	0.9402187738488934
GCA_015968655.1	51747	0.9402732856052622
GCA_015774575.1	51747	0.9402732856052622
GCA_022917535.1	51747	0.9402732856052622
GCA_017834745.1	51748	0.9402914561907185
GCA_030702135.1	51749	0.9403096267761747
GCA_015778345.1	51749	0.9403096267761747
GCA_043695835.1	51749	0.9403096267761747
GCA_030421905.1	51749	0.9403096267761747
GCA_020124595.1	51750	0.940327797361631
GCA_021715635.1	51756	0.9404368208743685
GCA_043698765.1	51758	0.9404731620452811
GCA_043697755.1	51758	0.9404731620452811
GCA_015820985.1	51759	0.9404913326307374
GCA_043695475.1	51759	0.9404913326307374
GCA_043696575.1	51760	0.9405095032161936
GCA_015777365.1	51761	0.9405276738016499
GCA_043696695.1	51764	0.9405821855580186
GCA_052004325.1	51765	0.9406003561434749
GCA_043695735.1	51765	0.9406003561434749
GCA_015821285.1	51766	0.9406185267289312
GCA_041268125.1	51769	0.9406730384853
GCA_043694735.1	51773	0.940745720827125
GCA_031637095.1	51773	0.940745720827125
GCA_043698015.1	51775	0.9407820619980376
GCA_043698665.1	51775	0.9407820619980376
GCA_031675255.1	51775	0.9407820619980376
GCA_048162665.1	51777	0.9408184031689502
GCA_040738665.1	51785	0.9409637678526002
GCA_043696935.1	51785	0.9409637678526002
GCA_015821805.1	51788	0.941018279608969
GCA_043697935.1	51791	0.9410727913653378
GCA_043695875.1	51794	0.9411273031217066
GCA_052705445.1	51795	0.9411454737071628
GCA_043696395.1	51796	0.9411636442926191
GCA_033371455.1	51800	0.9412363266344441
GCA_032178715.1	51802	0.9412726678053567
GCA_032343015.1	51812	0.9414543736599194
GCA_000764355.1	51812	0.9414543736599194
GCA_015819825.1	51814	0.9414907148308318
GCA_024103755.1	51816	0.9415270560017444
GCA_043695395.1	51818	0.9415633971726569
GCA_001597945.1	51819	0.9415815677581132
GCA_002906265.1	51821	0.9416179089290257
GCA_963877165.1	51821	0.9416179089290257
GCA_018080965.1	51823	0.9416542500999382
GCA_031839315.1	51828	0.9417451030272196
GCA_043696915.1	51831	0.9417996147835883
GCA_024491315.1	51836	0.9418904677108696
GCA_043696175.1	51844	0.9420358323945197
GCA_015821245.1	51845	0.942054002979976
GCA_014925465.1	51851	0.9421630264927136
GCA_043697695.1	51852	0.9421811970781698
GCA_031897235.1	51858	0.9422902205909074
GCA_014925455.1	51863	0.9423810735181888
GCA_032178795.1	51865	0.9424174146891013
GCA_002903635.1	51867	0.9424537558600138
GCA_963877645.1	51867	0.9424537558600138
GCA_040960195.1	51871	0.9425264382018389
GCA_043696295.1	51872	0.9425446087872951
GCA_040741625.1	51879	0.942671802885489
GCA_015786595.1	51881	0.9427081440564015
GCA_014905665.1	51881	0.9427081440564015
GCA_019220465.1	51882	0.9427263146418577
GCA_052253365.1	51894	0.942944361667333
GCA_014925575.1	51897	0.9429988734237017
GCA_963877865.1	51899	0.9430352145946143
GCA_014925545.1	51901	0.9430715557655268
GCA_014925585.1	51907	0.9431805792782644
GCA_963860555.1	51908	0.9431987498637207
GCA_000299635.1	51908	0.9431987498637207
GCA_014925555.1	51914	0.9433077733764582
GCA_014925675.1	51914	0.9433077733764582
GCA_031839375.1	51918	0.9433804557182832
GCA_014788305.1	51923	0.9434713086455646
GCA_000764325.1	51925	0.9435076498164771
GCA_014925445.1	51929	0.9435803321583022
GCA_000764345.1	51931	0.9436166733292146
GCA_012275065.1	51931	0.9436166733292146
GCA_033352235.1	51936	0.943707526256496
GCA_000764335.1	51944	0.9438528909401461
GCA_014925475.1	51948	0.9439255732819711
GCA_009665215.1	51955	0.944052767380165
GCA_000342305.2	51962	0.9441799614783588
GCA_963861265.1	51962	0.9441799614783588
GCA_043695455.1	51986	0.9446160555293092
GCA_015777725.1	52007	0.9449976378238907
GCA_002906235.1	52017	0.9451793436784534
GCA_014925505.1	52032	0.9454519024602973
